Date,Time,Sensor ID,Frequancy [Hz],Inductance [H],Change [PPM],Temperatur [C],Humidity [%]
1/14/2026,14:56:41,1,11732072,2.6671E-07,0,24.69515203,90.95976147
1/14/2026,14:56:44,2,No response,N/A,N/A,21.80561945,5.009552529
1/14/2026,14:56:46,3,No response,N/A,N/A,21.66632742,74.21509908
1/14/2026,14:56:49,4,11392753,2.8284E-07,0,19.91817623,76.31756981
1/14/2026,14:56:51,5,11224320,2.9139E-07,0,16.72599791,80.6004439
1/14/2026,14:56:54,6,11201867,2.9256E-07,0,20.84143522,67.66912868
1/14/2026,14:56:56,7,No response,N/A,N/A,16.59423227,56.91471102
1/14/2026,14:56:59,8,10820665,3.1353E-07,0,16.6259947,25.88366937
1/14/2026,14:57:02,9,10540730,3.3041E-07,0,23.58630372,55.62884714
1/14/2026,14:57:04,10,10623668,3.2527E-07,0,17.14478967,19.64086295
1/14/2026,14:57:07,11,11114630,2.9717E-07,0,21.64356184,44.77542065
1/14/2026,14:57:09,12,10832528,3.1285E-07,0,19.61466819,67.85879843
1/14/2026,14:57:12,13,10826144,3.1322E-07,0,18.98678142,25.44914427
1/14/2026,14:57:15,14,10919656,3.0787E-07,0,15.97507957,27.68853508
1/14/2026,14:57:17,15,No response,N/A,N/A,15.51055631,30.92644915
1/14/2026,14:57:20,16,12915874,2.2006E-07,0,22.80057062,22.35984084
1/14/2026,14:57:22,1,11732086,2.6671E-07,-2.39,22.49551285,30.96446163
1/14/2026,14:57:25,2,No response,N/A,N/A,22.75516655,98.38543604
1/14/2026,14:57:27,3,No response,N/A,N/A,23.17582356,65.60590327
1/14/2026,14:57:30,4,11393024,2.8282E-07,-47.57,16.2772935,49.50278608
1/14/2026,14:57:32,5,11223302,2.9144E-07,181.42,21.07503851,10.71069983
1/14/2026,14:57:35,6,11201761,2.9256E-07,18.93,23.66915823,68.31279262
1/14/2026,14:57:38,7,No response,N/A,N/A,24.55845132,24.1045371
1/14/2026,14:57:40,8,10820693,3.1353E-07,-5.18,18.08178428,41.79904089
1/14/2026,14:57:43,9,10540748,3.3041E-07,-3.42,19.04356827,87.83480907
1/14/2026,14:57:45,10,10623610,3.2527E-07,10.92,23.89249194,62.9089673
1/14/2026,14:57:48,11,11114509,2.9717E-07,21.77,20.22920964,45.49985074
1/14/2026,14:57:51,12,10832615,3.1284E-07,-16.06,22.46292779,29.7816478
1/14/2026,14:57:53,13,10826190,3.1321E-07,-8.50,16.68233078,80.00295999
1/14/2026,14:57:56,14,10919609,3.0788E-07,8.61,21.32733334,17.60421521
1/14/2026,14:57:58,15,No response,N/A,N/A,19.42837243,78.25466529
1/14/2026,14:58:01,16,12915688,2.2007E-07,28.80,15.84867946,64.95302629
1/14/2026,14:58:03,1,11732097,2.6671E-07,-4.26,23.9194004,92.54408269
1/14/2026,14:58:06,2,No response,N/A,N/A,17.48736215,62.13325696
1/14/2026,14:58:08,3,No response,N/A,N/A,21.79638709,40.54818977
1/14/2026,14:58:11,4,11392937,2.8283E-07,-32.30,15.72136052,37.54287556
1/14/2026,14:58:14,5,11225138,2.9135E-07,-145.74,17.23951709,32.80547129
1/14/2026,14:58:16,6,11201835,2.9256E-07,5.71,21.1980834,63.93321423
1/14/2026,14:58:19,7,No response,N/A,N/A,20.12544048,42.81023448
1/14/2026,14:58:21,8,10820742,3.1353E-07,-14.23,21.28418101,97.02666358
1/14/2026,14:58:24,9,10540748,3.3041E-07,-3.42,15.44252991,43.50902324
1/14/2026,14:58:27,10,10623623,3.2527E-07,8.47,22.83663518,73.95015897
1/14/2026,14:58:29,11,11114192,2.9719E-07,78.82,21.86701697,61.38232708
1/14/2026,14:58:32,12,10832651,3.1284E-07,-22.71,24.17517781,72.79969588
1/14/2026,14:58:34,13,10826104,3.1322E-07,7.39,23.99992506,72.54435131
1/14/2026,14:58:37,14,10919875,3.0786E-07,-40.11,15.52164219,29.0441506
1/14/2026,14:58:39,15,No response,N/A,N/A,21.29022766,88.55297488
1/14/2026,14:58:42,16,12915287,2.2008E-07,90.90,21.89511406,44.85598693
1/14/2026,14:58:45,1,11732037,2.6671E-07,5.97,18.30685646,8.432833016
1/14/2026,14:58:47,2,No response,N/A,N/A,22.16573421,28.99412745
1/14/2026,14:58:50,3,No response,N/A,N/A,20.8069988,52.46107857
1/14/2026,14:58:52,4,11392753,2.8284E-07,0.00,15.42945898,91.76154463
1/14/2026,14:58:55,5,11224822,2.9136E-07,-89.44,23.09435938,9.597616213
1/14/2026,14:58:57,6,11201800,2.9256E-07,11.96,17.90388091,74.36604802
1/14/2026,14:59:00,7,No response,N/A,N/A,22.22756863,83.50340755
1/14/2026,14:59:02,8,10820684,3.1353E-07,-3.51,21.14006606,84.01289006
1/14/2026,14:59:05,9,10540648,3.3041E-07,15.56,22.49916672,94.18184794
1/14/2026,14:59:08,10,10623361,3.2529E-07,57.80,17.29687215,79.04411256
1/14/2026,14:59:10,11,11114230,2.9719E-07,71.98,21.76507615,5.515819801
1/14/2026,14:59:13,12,10832487,3.1285E-07,7.57,19.48169001,65.53089141
1/14/2026,14:59:15,13,10825903,3.1323E-07,44.52,22.35390209,5.506143898
1/14/2026,14:59:18,14,10919659,3.0787E-07,-0.55,23.84304095,17.72415676
1/14/2026,14:59:21,15,No response,N/A,N/A,20.08816586,18.12877651
1/14/2026,14:59:23,16,12915154,2.2009E-07,111.50,18.53902233,33.71720789
1/14/2026,14:59:26,1,11731855,2.6672E-07,36.99,24.36824534,96.66048026
1/14/2026,14:59:28,2,No response,N/A,N/A,17.4253866,46.11785
1/14/2026,14:59:31,3,No response,N/A,N/A,20.43903145,40.33911006
1/14/2026,14:59:33,4,11392733,2.8284E-07,3.51,24.9512415,55.83161582
1/14/2026,14:59:36,5,11224539,2.9138E-07,-39.02,17.95035638,40.02406118
1/14/2026,14:59:39,6,11201535,2.9257E-07,59.28,18.54818175,25.59154638
1/14/2026,14:59:41,7,No response,N/A,N/A,19.93157939,12.18757744
1/14/2026,14:59:44,8,10820447,3.1355E-07,40.29,22.05004657,57.69065068
1/14/2026,14:59:46,9,10540521,3.3042E-07,39.66,18.83514285,94.70647336
1/14/2026,14:59:49,10,10623157,3.2530E-07,96.21,16.43944815,4.908570689
1/14/2026,14:59:51,11,11114045,2.9720E-07,105.27,16.51460928,97.13059756
1/14/2026,14:59:54,12,10832258,3.1286E-07,49.85,21.85460488,62.28266677
1/14/2026,14:59:57,13,10825801,3.1324E-07,63.37,22.2943014,25.35289783
1/14/2026,14:59:59,14,10919325,3.0789E-07,60.63,16.71610233,43.43155322
1/14/2026,15:00:02,15,No response,N/A,N/A,19.7099843,34.78048778
1/14/2026,15:00:04,16,12914839,2.2010E-07,160.29,23.24776363,86.19045454
1/14/2026,15:00:07,1,11731761,2.6673E-07,53.02,19.01279914,27.59281086
1/14/2026,15:00:09,2,No response,N/A,N/A,24.20562111,37.79795765
1/14/2026,15:00:12,3,No response,N/A,N/A,24.29038346,99.88804672
1/14/2026,15:00:15,4,11392753,2.8284E-07,0.00,22.45227626,92.87260711
1/14/2026,15:00:17,5,11224517,2.9138E-07,-35.10,22.66875358,47.5048088
1/14/2026,15:00:20,6,11201645,2.9257E-07,39.64,21.59167005,75.0063141
1/14/2026,15:00:22,7,No response,N/A,N/A,24.51084462,79.3552727
1/14/2026,15:00:25,8,10820459,3.1354E-07,38.08,22.57431599,79.11385131
1/14/2026,15:00:27,9,10540521,3.3042E-07,39.66,16.10992387,73.1424802
1/14/2026,15:00:30,10,10623202,3.2530E-07,87.73,15.52106409,82.07939313
1/14/2026,15:00:33,11,11114018,2.9720E-07,110.13,16.70976277,68.94245517
1/14/2026,15:00:35,12,10832235,3.1286E-07,54.10,15.62696836,23.91965686
1/14/2026,15:00:38,13,10825789,3.1324E-07,65.59,20.41855695,30.11131843
1/14/2026,15:00:40,14,10919533,3.0788E-07,22.53,18.17709193,48.33070445
1/14/2026,15:00:43,15,No response,N/A,N/A,18.13997554,50.00549418
1/14/2026,15:00:46,16,12914556,2.2011E-07,204.12,22.25095888,25.96733798
1/14/2026,15:00:48,1,11731775,2.6672E-07,50.63,16.69143382,31.9127019
1/14/2026,15:00:51,2,No response,N/A,N/A,19.22103915,91.00212195
1/14/2026,15:00:53,3,No response,N/A,N/A,21.39049693,79.31464804
1/14/2026,15:00:56,4,11392753,2.8284E-07,0.00,18.42774704,69.96077503
1/14/2026,15:00:58,5,11224495,2.9138E-07,-31.18,19.32774267,57.42488246
1/14/2026,15:01:01,6,11201547,2.9257E-07,57.14,22.33573173,84.40290661
1/14/2026,15:01:03,7,No response,N/A,N/A,19.39857385,46.69280809
1/14/2026,15:01:06,8,10820403,3.1355E-07,48.43,20.3509035,38.46825235
1/14/2026,15:01:09,9,10540426,3.3043E-07,57.68,20.32096631,28.33321089
1/14/2026,15:01:11,10,10623081,3.2530E-07,110.52,24.57006652,57.20597379
1/14/2026,15:01:14,11,11114186,2.9719E-07,79.90,20.57956261,33.41255848
1/14/2026,15:01:16,12,10832217,3.1286E-07,57.42,19.42766176,47.92760641
1/14/2026,15:01:19,13,10825675,3.1324E-07,86.65,22.11699692,58.06759073
1/14/2026,15:01:22,14,10919276,3.0790E-07,69.60,23.29687663,46.84860474
1/14/2026,15:01:24,15,No response,N/A,N/A,22.78476647,56.33610505
1/14/2026,15:01:27,16,12914611,2.2010E-07,195.60,19.78085736,13.89777479
1/14/2026,15:01:29,1,11731682,2.6673E-07,66.49,22.45166078,43.84411112
1/14/2026,15:01:32,2,No response,N/A,N/A,18.72831462,72.2142918
1/14/2026,15:01:34,3,No response,N/A,N/A,17.04687949,37.28395277
1/14/2026,15:01:37,4,11392597,2.8284E-07,27.39,23.26151358,77.43976324
1/14/2026,15:01:40,5,11224124,2.9140E-07,34.93,19.8791608,0.224064433
1/14/2026,15:01:42,6,11201470,2.9258E-07,70.88,20.30435712,22.36212927
1/14/2026,15:01:45,7,No response,N/A,N/A,16.11373899,37.40383585
1/14/2026,15:01:47,8,10820330,3.1355E-07,61.92,16.9817707,75.72240976
1/14/2026,15:01:50,9,10540376,3.3043E-07,67.17,19.56062803,68.16346745
1/14/2026,15:01:52,10,10623099,3.2530E-07,107.13,24.310659,69.58290013
1/14/2026,15:01:55,11,11114199,2.9719E-07,77.56,20.90171283,31.02703306
1/14/2026,15:01:58,12,10832118,3.1287E-07,75.70,22.08685833,18.9729805
1/14/2026,15:02:00,13,10825684,3.1324E-07,84.98,21.98132107,69.02334157
1/14/2026,15:02:03,14,10919464,3.0789E-07,35.17,21.93668049,36.83274114
1/14/2026,15:02:05,15,No response,N/A,N/A,17.78097116,97.75702185
1/14/2026,15:02:08,16,12914556,2.2011E-07,204.12,22.41563187,67.9013363
1/14/2026,15:02:11,1,11731553,2.6674E-07,88.48,18.19802902,80.06063077
1/14/2026,15:02:13,2,No response,N/A,N/A,22.98721747,17.45180469
1/14/2026,15:02:16,3,No response,N/A,N/A,18.20317728,0.931854777
1/14/2026,15:02:18,4,11392568,2.8284E-07,32.48,23.28385384,62.36488589
1/14/2026,15:02:21,5,11224321,2.9139E-07,-0.18,20.20295752,79.95644267
1/14/2026,15:02:23,6,11201479,2.9258E-07,69.28,24.63769198,15.12097287
1/14/2026,15:02:26,7,No response,N/A,N/A,16.83416696,77.60031236
1/14/2026,15:02:28,8,10820251,3.1356E-07,76.52,16.60484448,61.32817035
1/14/2026,15:02:31,9,10540332,3.3043E-07,75.52,20.50559936,5.939841363
1/14/2026,15:02:34,10,10623050,3.2531E-07,116.35,23.61332254,37.72059585
1/14/2026,15:02:36,11,11113954,2.9720E-07,121.65,22.62538114,87.18868034
1/14/2026,15:02:39,12,10832003,3.1288E-07,96.94,22.62685781,18.22481354
1/14/2026,15:02:41,13,10825638,3.1325E-07,93.48,22.91345809,84.16053047
1/14/2026,15:02:44,14,10919018,3.0791E-07,116.86,16.41359258,38.79936256
1/14/2026,15:02:46,15,No response,N/A,N/A,16.45615333,46.83204621
1/14/2026,15:02:49,16,12914646,2.2010E-07,190.18,21.14922655,33.87479425
1/14/2026,15:02:52,1,11731504,2.6674E-07,96.84,23.46706836,71.66201608
1/14/2026,15:02:54,2,No response,N/A,N/A,15.70863508,85.68156868
1/14/2026,15:02:57,3,No response,N/A,N/A,15.65041014,61.73934663
1/14/2026,15:02:59,4,11392462,2.8285E-07,51.09,18.20156992,54.2307501
1/14/2026,15:03:02,5,11224229,2.9139E-07,16.21,23.75602161,8.462849485
1/14/2026,15:03:04,6,11201432,2.9258E-07,77.67,21.61070575,47.22891607
1/14/2026,15:03:07,7,No response,N/A,N/A,23.09791435,18.70615968
1/14/2026,15:03:10,8,10820221,3.1356E-07,82.07,24.01969182,54.34754691
1/14/2026,15:03:12,9,10540394,3.3043E-07,63.76,17.22799029,27.23295008
1/14/2026,15:03:15,10,10622990,3.2531E-07,127.65,15.77951552,31.65201022
1/14/2026,15:03:17,11,11113632,2.9722E-07,179.61,20.37397118,78.90251015
1/14/2026,15:03:20,12,10832019,3.1288E-07,93.98,15.91850297,88.62448879
1/14/2026,15:03:23,13,10825542,3.1325E-07,111.22,16.61312118,81.93856305
1/14/2026,15:03:25,14,10918975,3.0791E-07,124.74,19.19103322,11.80593323
1/14/2026,15:03:28,15,No response,N/A,N/A,24.09304559,82.84237542
1/14/2026,15:03:30,16,12914329,2.2011E-07,239.28,24.02660506,60.42423278
1/14/2026,15:03:33,1,11731400,2.6674E-07,114.57,18.42729928,13.79476369
1/14/2026,15:03:35,2,No response,N/A,N/A,22.10882498,56.07107309
1/14/2026,15:03:38,3,No response,N/A,N/A,16.4614416,51.37983427
1/14/2026,15:03:40,4,11392326,2.8286E-07,74.96,21.64869385,42.09116466
1/14/2026,15:03:43,5,11224256,2.9139E-07,11.40,24.23700722,18.71616038
1/14/2026,15:03:46,6,11201258,2.9259E-07,108.74,15.08983168,22.80513027
1/14/2026,15:03:48,7,No response,N/A,N/A,20.94493628,23.75836917
1/14/2026,15:03:51,8,10820116,3.1356E-07,101.48,22.63565988,58.02183557
1/14/2026,15:03:53,9,10540217,3.3044E-07,97.34,18.97753073,34.6713814
1/14/2026,15:03:56,10,10622818,3.2532E-07,160.04,18.44698657,97.40171152
1/14/2026,15:03:59,11,11113893,2.9721E-07,132.63,21.44942738,9.796095488
1/14/2026,15:04:01,12,10831900,3.1288E-07,115.96,24.6040256,7.559339957
1/14/2026,15:04:04,13,10825416,3.1326E-07,134.50,19.61289606,5.290819553
1/14/2026,15:04:06,14,10919027,3.0791E-07,115.22,19.21450124,74.26409744
1/14/2026,15:04:09,15,No response,N/A,N/A,23.83833301,50.24748293
1/14/2026,15:04:11,16,12914125,2.2012E-07,270.88,20.96150594,97.61815375
1/14/2026,15:04:14,1,11731369,2.6674E-07,119.85,15.43586353,99.70652761
1/14/2026,15:04:17,2,No response,N/A,N/A,21.2328463,50.64916204
1/14/2026,15:04:19,3,No response,N/A,N/A,17.43912931,65.64440787
1/14/2026,15:04:22,4,11392258,2.8286E-07,86.90,22.80427376,21.54951213
1/14/2026,15:04:24,5,11224129,2.9140E-07,34.03,17.27963882,8.923752247
1/14/2026,15:04:27,6,11201138,2.9259E-07,130.17,23.4575909,6.071147435
1/14/2026,15:04:29,7,No response,N/A,N/A,15.95727172,18.78384961
1/14/2026,15:04:32,8,10820116,3.1356E-07,101.48,24.85973163,76.46231899
1/14/2026,15:04:35,9,10540190,3.3044E-07,102.47,21.17728415,8.976834523
1/14/2026,15:04:37,10,10622764,3.2532E-07,170.21,18.38403999,84.03168254
1/14/2026,15:04:40,11,11114258,2.9719E-07,66.94,16.41956473,8.548192993
1/14/2026,15:04:42,12,10831807,3.1289E-07,133.13,18.26443878,55.20976087
1/14/2026,15:04:45,13,10825371,3.1326E-07,142.82,23.64409158,84.80664584
1/14/2026,15:04:48,14,10918746,3.0793E-07,166.69,18.40949665,50.10329311
1/14/2026,15:04:50,15,No response,N/A,N/A,20.27928122,20.99070276
1/14/2026,15:04:53,16,12913996,2.2013E-07,290.87,17.40760134,36.72958182
1/14/2026,15:04:55,1,11731310,2.6675E-07,129.91,22.54529779,89.60731583
1/14/2026,15:04:58,2,No response,N/A,N/A,16.04870057,74.52397341
1/14/2026,15:05:00,3,No response,N/A,N/A,23.92353498,91.34625163
1/14/2026,15:05:03,4,11392374,2.8285E-07,66.54,17.38504883,47.34684719
1/14/2026,15:05:05,5,11224114,2.9140E-07,36.71,20.26789789,37.01304247
1/14/2026,15:05:08,6,11201198,2.9259E-07,119.46,22.11768924,54.10711878
1/14/2026,15:05:11,7,No response,N/A,N/A,22.36685982,75.33125186
1/14/2026,15:05:13,8,10820048,3.1357E-07,114.05,19.63499751,50.97515799
1/14/2026,15:05:16,9,10540164,3.3044E-07,107.40,24.64559212,68.83692782
1/14/2026,15:05:18,10,10622768,3.2532E-07,169.45,23.70926975,86.24724533
1/14/2026,15:05:21,11,11113359,2.9724E-07,228.75,20.69032206,84.92760978
1/14/2026,15:05:24,12,10831935,3.1288E-07,109.49,22.08925106,70.63425954
1/14/2026,15:05:26,13,10825357,3.1326E-07,145.40,16.80698688,42.76440395
1/14/2026,15:05:29,14,10918851,3.0792E-07,147.46,19.89141092,86.39373461
1/14/2026,15:05:31,15,No response,N/A,N/A,23.59744765,97.59460129
1/14/2026,15:05:34,16,12913886,2.2013E-07,307.91,23.97081375,45.93016662
1/14/2026,15:05:36,1,11731248,2.6675E-07,140.48,19.82884837,14.1282981
1/14/2026,15:05:39,2,No response,N/A,N/A,17.96551995,24.94041357
1/14/2026,15:05:41,3,No response,N/A,N/A,21.79531182,87.34895402
1/14/2026,15:05:44,4,11392345,2.8286E-07,71.63,16.84120822,88.29321966
1/14/2026,15:05:47,5,11224092,2.9140E-07,40.63,23.63175264,0.280337678
1/14/2026,15:05:49,6,11201220,2.9259E-07,115.53,16.81671723,12.9228769
1/14/2026,15:05:52,7,No response,N/A,N/A,24.17962554,62.4143837
1/14/2026,15:05:54,8,10820136,3.1356E-07,97.78,22.15670091,62.33002813
1/14/2026,15:05:57,9,10540131,3.3044E-07,113.66,22.73491941,27.28889849
1/14/2026,15:05:59,10,10622702,3.2533E-07,181.88,18.48193093,93.98788761
1/14/2026,15:06:02,11,11113712,2.9722E-07,165.21,23.26066529,74.25175635
1/14/2026,15:06:05,12,10831742,3.1289E-07,145.13,18.11291367,73.67891674
1/14/2026,15:06:07,13,10825348,3.1326E-07,147.07,16.80676358,65.58927423
1/14/2026,15:06:10,14,10918888,3.0792E-07,140.68,20.59775381,69.22718513
1/14/2026,15:06:12,15,No response,N/A,N/A,24.3246576,70.63526518
1/14/2026,15:06:15,16,12913941,2.2013E-07,299.39,15.46006782,33.13194874
1/14/2026,15:06:18,1,11731360,2.6674E-07,121.39,19.65683188,18.95345882
1/14/2026,15:06:20,2,No response,N/A,N/A,19.8635273,29.07231803
1/14/2026,15:06:23,3,No response,N/A,N/A,15.73363099,66.38333232
1/14/2026,15:06:25,4,11392287,2.8286E-07,81.81,20.03499999,67.16481797
1/14/2026,15:06:28,5,11223798,2.9141E-07,93.02,22.39174841,13.48806618
1/14/2026,15:06:30,6,11201190,2.9259E-07,120.88,24.72956827,35.16647217
1/14/2026,15:06:33,7,No response,N/A,N/A,21.67252898,81.30146971
1/14/2026,15:06:35,8,10820001,3.1357E-07,122.74,19.47490525,69.29836893
1/14/2026,15:06:38,9,10540096,3.3045E-07,120.31,21.05192176,89.46182927
1/14/2026,15:06:41,10,10622669,3.2533E-07,188.10,15.00758021,81.15899906
1/14/2026,15:06:43,11,11114137,2.9719E-07,88.72,21.61325665,86.57106392
1/14/2026,15:06:46,12,10831729,3.1289E-07,147.53,24.14496153,89.67359154
1/14/2026,15:06:48,13,10825299,3.1326E-07,156.12,21.64473984,17.58960744
1/14/2026,15:06:51,14,10918897,3.0792E-07,139.03,18.65074822,62.45993247
1/14/2026,15:06:54,15,No response,N/A,N/A,23.3784086,30.39374825
1/14/2026,15:06:56,16,12913725,2.2013E-07,332.85,16.13541377,22.3845912
1/14/2026,15:06:59,1,11731291,2.6675E-07,133.15,23.48016342,3.994809562
1/14/2026,15:07:01,2,No response,N/A,N/A,18.91199734,10.31423999
1/14/2026,15:07:04,3,No response,N/A,N/A,15.06629951,81.11594761
1/14/2026,15:07:06,4,11392287,2.8286E-07,81.81,17.52957246,83.43718588
1/14/2026,15:07:09,5,11223902,2.9141E-07,74.49,21.71152179,22.34192206
1/14/2026,15:07:12,6,11201168,2.9259E-07,124.81,23.17165189,91.74624021
1/14/2026,15:07:14,7,No response,N/A,N/A,20.20970776,94.69292733
1/14/2026,15:07:17,8,10819913,3.1358E-07,139.01,22.20195529,93.19160252
1/14/2026,15:07:19,9,10540073,3.3045E-07,124.67,19.67165562,88.05650909
1/14/2026,15:07:22,10,10622642,3.2533E-07,193.18,19.3251558,85.75080259
1/14/2026,15:07:24,11,11113930,2.9720E-07,125.97,19.01443452,42.89228712
1/14/2026,15:07:27,12,10831652,3.1290E-07,161.75,22.34036738,14.59051088
1/14/2026,15:07:30,13,10825181,3.1327E-07,177.93,22.98186143,55.82409909
1/14/2026,15:07:32,14,10918697,3.0793E-07,175.67,18.31543494,91.26763164
1/14/2026,15:07:35,15,No response,N/A,N/A,17.58266865,87.4113961
1/14/2026,15:07:37,16,12913572,2.2014E-07,356.56,16.94556617,5.594062838
1/14/2026,15:07:40,1,11731198,2.6675E-07,149.01,22.60850378,62.90799006
1/14/2026,15:07:42,2,No response,N/A,N/A,19.14761216,53.96562447
1/14/2026,15:07:45,3,No response,N/A,N/A,24.25941654,9.935432258
1/14/2026,15:07:48,4,11392162,2.8286E-07,103.76,20.72852757,20.15300855
1/14/2026,15:07:50,5,11223993,2.9140E-07,58.27,15.98169369,78.46084577
1/14/2026,15:07:53,6,11201043,2.9260E-07,147.13,19.06009795,50.51157829
1/14/2026,15:07:55,7,No response,N/A,N/A,23.33304925,97.22150814
1/14/2026,15:07:58,8,10819821,3.1358E-07,156.02,19.51345946,27.99091282
1/14/2026,15:08:00,9,10540063,3.3045E-07,126.57,19.46276,38.23999587
1/14/2026,15:08:03,10,10628515,3.2497E-07,-911.87,22.66774098,92.01149974
1/14/2026,15:08:06,11,11113523,2.9723E-07,199.23,24.77718483,15.82491788
1/14/2026,15:08:08,12,10831686,3.1290E-07,155.48,16.23007149,94.16887669
1/14/2026,15:08:11,13,10824007,3.1334E-07,394.90,23.64915118,11.86161894
1/14/2026,15:08:13,14,10918756,3.0792E-07,164.86,22.27130661,45.15993816
1/14/2026,15:08:16,15,No response,N/A,N/A,16.75272999,64.11429776
1/14/2026,15:08:19,16,12913594,2.2014E-07,353.15,15.02068814,98.12332534
1/14/2026,15:08:21,1,11731218,2.6675E-07,145.60,16.55583421,79.8498919
1/14/2026,15:08:24,2,No response,N/A,N/A,24.00672552,96.07022797
1/14/2026,15:08:26,3,No response,N/A,N/A,19.96394536,78.58490911
1/14/2026,15:08:29,4,11392249,2.8286E-07,88.48,22.21615947,20.49604314
1/14/2026,15:08:31,5,11224681,2.9137E-07,-64.32,18.39091633,85.72205786
1/14/2026,15:08:34,6,11201071,2.9260E-07,142.13,23.15458137,64.46627935
1/14/2026,15:08:36,7,No response,N/A,N/A,23.49215096,38.34324893
1/14/2026,15:08:39,8,10819796,3.1358E-07,160.64,24.22263872,75.64693063
1/14/2026,15:08:42,9,10540131,3.3044E-07,113.66,18.53422214,42.98169335
1/14/2026,15:08:44,10,10628551,3.2497E-07,-918.63,22.73557015,35.77606523
1/14/2026,15:08:47,11,11113757,2.9721E-07,157.11,17.8352648,49.23916639
1/14/2026,15:08:49,12,10831683,3.1290E-07,156.03,20.99003429,80.99678301
1/14/2026,15:08:52,13,10824001,3.1334E-07,396.01,22.22949604,38.96671257
1/14/2026,15:08:55,14,10918422,3.0794E-07,226.05,19.26459293,21.9588537
1/14/2026,15:08:57,15,No response,N/A,N/A,22.84828258,92.57973437
1/14/2026,15:09:00,16,12913160,2.2015E-07,420.39,20.30722413,26.14748416
1/14/2026,15:09:02,1,11755292,2.6566E-07,-3946.66,17.96854899,95.72488605
1/14/2026,15:09:05,2,No response,N/A,N/A,24.1690958,86.75043806
1/14/2026,15:09:08,3,GGG,N/A,N/A,15.29503841,76.5130433
1/14/2026,15:09:10,4,No response,N/A,N/A,21.13280059,57.64387239
1/14/2026,15:09:13,5,GG,N/A,N/A,23.49400345,95.75827379
1/14/2026,15:09:16,6,No response,N/A,N/A,19.11221581,65.1156262
1/14/2026,15:09:18,7,No response,N/A,N/A,19.4009257,52.61030696
1/14/2026,15:09:21,8,10814872,3.1387E-07,1071.59,15.11063843,73.33735694
1/14/2026,15:09:23,9,10537916,3.3058E-07,534.14,18.82628235,9.480538069
1/14/2026,15:09:26,10,10625509,3.2516E-07,-346.49,24.02087265,75.34838543
1/14/2026,15:09:29,11,11110133,2.9741E-07,809.70,20.89325688,66.2643755
1/14/2026,15:09:31,12,10821519,3.1348E-07,2035.68,17.75925608,19.37814434
1/14/2026,15:09:34,13,10819272,3.1361E-07,1270.73,24.09010893,93.6506089
1/14/2026,15:09:36,14,10939521,3.0676E-07,-3628.49,20.52344177,99.79963779
1/14/2026,15:09:39,15,No response,N/A,N/A,23.37389866,66.77009292
1/14/2026,15:09:42,16,12906507,2.2038E-07,1452.04,15.14692707,24.17383261
1/14/2026,15:09:44,1,11770997,2.6495E-07,-6602.78,15.3069031,34.2147852
1/14/2026,15:09:47,2,No response,N/A,N/A,17.59793213,61.74999628
1/14/2026,15:09:49,3,No response,N/A,N/A,16.23796964,55.01199825
1/14/2026,15:09:52,4,11378123,2.8356E-07,2573.25,15.23919763,10.98196273
1/14/2026,15:09:54,5,No response,N/A,N/A,19.99480618,31.54870558
1/14/2026,15:09:57,6,11163759,2.9456E-07,6838.74,16.57767951,50.8629354
1/14/2026,15:09:59,7,No response,N/A,N/A,18.49573823,98.18707127
1/14/2026,15:10:02,8,10814676,3.1388E-07,1107.88,20.85849733,59.81540682
1/14/2026,15:10:05,9,10537654,3.3060E-07,583.90,21.56856747,59.88341272
1/14/2026,15:10:07,10,10625378,3.2516E-07,-321.85,21.01269252,49.93502154
1/14/2026,15:10:10,11,11109709,2.9743E-07,886.09,17.07121399,21.68350953
1/14/2026,15:10:12,12,10821375,3.1349E-07,2062.35,24.38296864,0.671070964
1/14/2026,15:10:15,13,10818942,3.1363E-07,1331.81,23.02145565,90.91312078
1/14/2026,15:10:18,14,10937248,3.0688E-07,-3214.31,20.86895675,47.90930121
1/14/2026,15:10:20,15,No response,N/A,N/A,23.25070591,55.93013685
1/14/2026,15:10:23,16,12905477,2.2042E-07,1611.90,18.23402466,91.04494689
1/14/2026,15:10:25,1,11770347,2.6498E-07,-6493.06,24.92558291,51.18769739
1/14/2026,15:10:28,2,No response,N/A,N/A,19.62337532,49.62754189
1/14/2026,15:10:30,3,No response,N/A,N/A,24.80962655,12.95044504
1/14/2026,15:10:33,4,11377784,2.8358E-07,2633.00,21.73187677,69.8037669
1/14/2026,15:10:35,5,No response,N/A,N/A,18.28750675,87.40939096
1/14/2026,15:10:38,6,11163114,2.9459E-07,6955.10,16.99396524,42.77248457
1/14/2026,15:10:40,7,No response,N/A,N/A,19.35010777,51.8918396
1/14/2026,15:10:43,8,10813388,3.1396E-07,1346.38,23.75885979,58.51050088
1/14/2026,15:10:46,9,10536171,3.3069E-07,865.59,20.31799378,78.63404728
1/14/2026,15:10:48,10,10623565,3.2527E-07,19.39,24.46005959,0.281093757
1/14/2026,15:10:51,11,11108241,2.9751E-07,1150.65,17.58848963,51.37256934
1/14/2026,15:10:53,12,10819895,3.1358E-07,2336.51,17.84297628,80.13736942
1/14/2026,15:10:56,13,10817165,3.1374E-07,1660.83,23.86469552,78.48154418
1/14/2026,15:10:59,14,10935171,3.0700E-07,-2835.62,19.3473172,35.95723271
1/14/2026,15:11:01,15,No response,N/A,N/A,24.23021076,13.01274977
1/14/2026,15:11:04,16,12901601,2.2055E-07,2213.82,21.68094438,12.40884824
1/14/2026,15:11:06,1,11768053,2.6508E-07,-6105.68,17.76987362,37.81844758
1/14/2026,15:11:09,2,No response,N/A,N/A,15.06916967,90.08510381
1/14/2026,15:11:11,3,No response,N/A,N/A,20.38897833,42.77045067
1/14/2026,15:11:14,4,11376088,2.8366E-07,2931.98,15.90348499,14.71355653
1/14/2026,15:11:16,5,No response,N/A,N/A,16.93749708,64.89102722
1/14/2026,15:11:19,6,11160848,2.9471E-07,7364.02,21.26719486,64.28721306
1/14/2026,15:11:22,7,No response,N/A,N/A,19.30449105,56.56350135
1/14/2026,15:11:24,8,10809796,3.1416E-07,2011.96,21.57315965,24.02879996
1/14/2026,15:11:27,9,10532017,3.3095E-07,1655.26,23.73948613,1.985553094
1/14/2026,15:11:29,10,10618844,3.2556E-07,908.78,22.19193183,62.40411386
1/14/2026,15:11:32,11,11104193,2.9773E-07,1880.71,20.25952942,68.89859797
1/14/2026,15:11:34,12,10816654,3.1377E-07,2937.26,15.2320038,20.93111378
1/14/2026,15:11:37,13,10813729,3.1394E-07,2297.47,24.6305118,61.63974523
1/14/2026,15:11:40,14,10932146,3.0717E-07,-2283.70,17.75223156,65.03274113
1/14/2026,15:11:42,15,No response,N/A,N/A,22.44156854,10.78908766
1/14/2026,15:11:45,16,12896308,2.2073E-07,3036.66,16.41723831,5.668626239
1/14/2026,15:11:47,1,11765764,2.6519E-07,-5718.92,19.10013437,34.31453399
1/14/2026,15:11:50,2,No response,N/A,N/A,16.19428572,78.97024078
1/14/2026,15:11:52,3,No response,N/A,N/A,23.356319,22.46346977
1/14/2026,15:11:55,4,11374606,2.8374E-07,3193.34,16.52806027,64.08431229
1/14/2026,15:11:57,5,No response,N/A,N/A,18.43973465,1.960681268
1/14/2026,15:12:00,6,11160136,2.9475E-07,7492.56,19.4842226,70.9842524
1/14/2026,15:12:03,7,No response,N/A,N/A,23.51209219,49.7718916
1/14/2026,15:12:05,8,10809923,3.1416E-07,1988.42,22.19976929,46.96835086
1/14/2026,15:12:08,9,10532532,3.3092E-07,1557.31,23.32265564,94.70907665
1/14/2026,15:12:10,10,10619080,3.2555E-07,864.29,16.09305614,14.7530623
1/14/2026,15:12:13,11,11103899,2.9774E-07,1933.77,24.22802548,60.59676746
1/14/2026,15:12:16,12,10816560,3.1377E-07,2954.69,24.99960231,70.41659947
1/14/2026,15:12:18,13,10813507,3.1395E-07,2338.63,24.74636312,21.03280897
1/14/2026,15:12:21,14,10931817,3.0719E-07,-2223.64,20.46543576,78.12361712
1/14/2026,15:12:23,15,No response,N/A,N/A,17.33529121,16.88809202
1/14/2026,15:12:26,16,12897317,2.2069E-07,2879.72,15.9887246,67.41613573
1/14/2026,15:12:28,1,11765833,2.6518E-07,-5730.59,19.77569637,24.15333438
1/14/2026,15:12:31,2,No response,N/A,N/A,18.53222047,57.01478605
1/14/2026,15:12:33,3,No response,N/A,N/A,19.40563874,58.21597961
1/14/2026,15:12:36,4,11375110,2.8371E-07,3104.44,18.6448734,49.68456181
1/14/2026,15:12:39,5,No response,N/A,N/A,15.47522719,34.59902664
1/14/2026,15:12:41,6,11160063,2.9475E-07,7505.75,22.65716453,74.33538074
1/14/2026,15:12:44,7,No response,N/A,N/A,18.0386374,27.57088616
1/14/2026,15:12:46,8,10809848,3.1416E-07,2002.32,15.48656042,87.51923199
1/14/2026,15:12:49,9,10532527,3.3092E-07,1558.26,24.02024673,42.62001587
1/14/2026,15:12:51,10,10619667,3.2551E-07,753.65,19.4790905,84.41647985
1/14/2026,15:12:54,11,11104815,2.9769E-07,1768.48,24.8497674,41.86698459
1/14/2026,15:12:57,12,10816858,3.1375E-07,2899.43,18.53897112,47.22760268
1/14/2026,15:12:59,13,10813769,3.1393E-07,2290.06,24.99926849,69.46366773
1/14/2026,15:13:02,14,10932146,3.0717E-07,-2283.70,17.70401641,31.99579349
1/14/2026,15:13:04,15,No response,N/A,N/A,23.41723783,38.60612133
1/14/2026,15:13:07,16,12897317,2.2069E-07,2879.72,19.1507019,57.41902036
1/14/2026,15:13:10,1,11765957,2.6518E-07,-5751.54,23.32650678,15.54680929
1/14/2026,15:13:12,2,No response,N/A,N/A,20.53200136,71.86143248
1/14/2026,15:13:15,3,No response,N/A,N/A,21.8889233,40.24022773
1/14/2026,15:13:17,4,11374965,2.8372E-07,3130.02,16.35158157,97.36919394
1/14/2026,15:13:20,5,No response,N/A,N/A,19.0444872,10.11585811
1/14/2026,15:13:22,6,11159711,2.9477E-07,7569.30,23.36276855,59.3943881
1/14/2026,15:13:25,7,No response,N/A,N/A,16.20990297,72.10046035
1/14/2026,15:13:27,8,10809437,3.1418E-07,2078.52,24.9704259,63.81432254
1/14/2026,15:13:30,9,10531967,3.3096E-07,1664.77,15.70580056,92.21329882
1/14/2026,15:13:33,10,10618776,3.2557E-07,921.60,17.17757821,23.08148109
1/14/2026,15:13:35,11,11104164,2.9773E-07,1885.95,16.20721347,52.69550335
1/14/2026,15:13:38,12,10816031,3.1380E-07,3052.80,24.6653752,49.24278812
1/14/2026,15:13:40,13,10813066,3.1397E-07,2420.39,24.92367899,13.31015242
1/14/2026,15:13:43,14,10931619,3.0720E-07,-2187.50,19.0692761,90.93981039
1/14/2026,15:13:45,15,No response,N/A,N/A,22.59477056,17.3678927
1/14/2026,15:13:48,16,12896719,2.2072E-07,2972.73,24.61416177,50.22950133
1/14/2026,15:13:51,1,11765732,2.6519E-07,-5713.52,24.21310057,59.09850391
1/14/2026,15:13:53,2,No response,N/A,N/A,21.6495115,51.96525242
1/14/2026,15:13:56,3,No response,N/A,N/A,19.137638,54.54755216
1/14/2026,15:13:58,4,11375051,2.8372E-07,3114.85,18.55628711,70.68293845
1/14/2026,15:14:01,5,No response,N/A,N/A,19.33089921,18.84114632
1/14/2026,15:14:03,6,11159605,2.9478E-07,7588.44,18.68618699,54.21202858
1/14/2026,15:14:06,7,No response,N/A,N/A,24.08612886,43.35764927
1/14/2026,15:14:08,8,10809096,3.1420E-07,2141.75,17.22076045,82.67073723
1/14/2026,15:14:11,9,10531619,3.3098E-07,1730.97,17.63116772,12.66987257
1/14/2026,15:14:14,10,10618329,3.2560E-07,1005.87,22.36956407,13.89549605
1/14/2026,15:14:16,11,11103070,2.9779E-07,2083.39,20.77114964,75.19703792
1/14/2026,15:14:19,12,10816097,3.1380E-07,3040.56,19.4545804,48.54610329
1/14/2026,15:14:21,13,10812879,3.1398E-07,2455.06,17.90509182,70.96834115
1/14/2026,15:14:24,14,10931108,3.0723E-07,-2094.21,17.48316281,60.28994078
1/14/2026,15:14:27,15,No response,N/A,N/A,16.38570792,49.3964326
1/14/2026,15:14:29,16,12895733,2.2075E-07,3126.11,16.18343842,88.95413023
1/14/2026,15:14:32,1,11764606,2.6524E-07,-5523.18,20.572945,98.13060147
1/14/2026,15:14:34,2,No response,N/A,N/A,18.31938503,74.3642519
1/14/2026,15:14:37,3,No response,N/A,N/A,24.78620113,83.87765247
1/14/2026,15:14:39,4,11374499,2.8374E-07,3212.21,15.62957561,13.55704768
1/14/2026,15:14:42,5,No response,N/A,N/A,20.84249549,68.88741282
1/14/2026,15:14:44,6,11159306,2.9479E-07,7642.44,17.89905143,15.23626072
1/14/2026,15:14:47,7,No response,N/A,N/A,19.13968286,87.79517349
1/14/2026,15:14:50,8,10809172,3.1420E-07,2127.66,15.95386398,55.1466455
1/14/2026,15:14:52,9,10532197,3.3094E-07,1621.02,23.70552812,96.01535126
1/14/2026,15:14:55,10,10619066,3.2555E-07,866.93,18.97890048,86.52820712
1/14/2026,15:14:57,11,11104094,2.9773E-07,1898.58,18.72344714,83.65074767
1/14/2026,15:15:00,12,10816531,3.1377E-07,2960.07,22.15246284,29.90954159
1/14/2026,15:15:03,13,10813295,3.1396E-07,2377.93,20.92749388,1.26928657
1/14/2026,15:15:05,14,10931709,3.0720E-07,-2203.93,16.2748777,94.05370166
1/14/2026,15:15:08,15,No response,N/A,N/A,15.23424884,19.25886438
1/14/2026,15:15:10,16,12896514,2.2072E-07,3004.62,15.47408075,31.83067455
1/14/2026,15:15:13,1,11765361,2.6520E-07,-5650.81,19.99816892,46.80024716
1/14/2026,15:15:15,2,No response,N/A,N/A,17.4948815,2.754626061
1/14/2026,15:15:18,3,No response,N/A,N/A,22.52024599,88.88963654
1/14/2026,15:15:20,4,11375167,2.8371E-07,3094.39,24.00127838,5.989434662
1/14/2026,15:15:23,5,No response,N/A,N/A,22.62577738,70.35415347
1/14/2026,15:15:26,6,11159751,2.9477E-07,7562.08,24.43978609,21.14277042
1/14/2026,15:15:28,7,No response,N/A,N/A,17.34534487,77.98251972
1/14/2026,15:15:31,8,10809275,3.1419E-07,2108.56,20.11251513,39.67092351
1/14/2026,15:15:33,9,10532125,3.3095E-07,1634.72,17.87201784,14.33233941
1/14/2026,15:15:36,10,10618708,3.2557E-07,934.42,24.5661336,41.64329991
1/14/2026,15:15:38,11,11103665,2.9775E-07,1976.00,17.37660648,38.00272956
1/14/2026,15:15:41,12,10815980,3.1380E-07,3062.26,15.88642841,86.77521359
1/14/2026,15:15:44,13,10813150,3.1397E-07,2404.81,24.65506092,28.97887113
1/14/2026,15:15:46,14,10931580,3.0720E-07,-2180.38,19.10298776,10.84924448
1/14/2026,15:15:49,15,No response,N/A,N/A,19.74544787,24.49092882
1/14/2026,15:15:51,16,12896706,2.2072E-07,2974.75,23.41708073,30.61891928
1/14/2026,15:15:54,1,11765290,2.6521E-07,-5638.81,24.13606994,78.19144866
1/14/2026,15:15:56,2,No response,N/A,N/A,17.83307474,81.00915927
1/14/2026,15:15:59,3,No response,N/A,N/A,21.65981659,13.38113594
1/14/2026,15:16:01,4,11375070,2.8372E-07,3111.50,22.16841991,72.30248144
1/14/2026,15:16:04,5,No response,N/A,N/A,17.54351849,79.53021703
1/14/2026,15:16:07,6,11159586,2.9478E-07,7591.88,16.59342434,6.203520864
1/14/2026,15:16:09,7,No response,N/A,N/A,22.41662926,18.76955796
1/14/2026,15:16:12,8,10809134,3.1420E-07,2134.70,20.09967932,17.48625023
1/14/2026,15:16:14,9,10532025,3.3095E-07,1653.74,16.87566346,5.381209069
1/14/2026,15:16:17,10,10618546,3.2558E-07,964.96,24.8370187,77.73341376
1/14/2026,15:16:19,11,11103339,2.9777E-07,2034.84,21.13890036,24.12445751
1/14/2026,15:16:22,12,10815948,3.1381E-07,3068.19,17.59085165,99.14377051
1/14/2026,15:16:25,13,10812730,3.1399E-07,2482.69,23.86611847,44.96312085
1/14/2026,15:16:27,14,10931271,3.0722E-07,-2123.97,16.86573382,3.785266615
1/14/2026,15:16:30,15,No response,N/A,N/A,23.75705727,3.487850758
1/14/2026,15:16:32,16,12896221,2.2073E-07,3050.19,15.9502956,69.44721163
1/14/2026,15:16:35,1,11765182,2.6521E-07,-5620.55,15.60863665,45.18772999
1/14/2026,15:16:37,2,No response,N/A,N/A,17.7930889,95.53071982
1/14/2026,15:16:40,3,No response,N/A,N/A,15.55713546,13.00837832
1/14/2026,15:16:43,4,11375264,2.8371E-07,3077.28,18.89866911,44.68384449
1/14/2026,15:16:45,5,No response,N/A,N/A,16.98840395,78.6997281
1/14/2026,15:16:48,6,11159683,2.9477E-07,7574.36,20.01447876,68.5603548
1/14/2026,15:16:50,7,No response,N/A,N/A,24.22774778,18.51378028
1/14/2026,15:16:53,8,10809150,3.1420E-07,2131.74,19.64657959,58.7379617
1/14/2026,15:16:55,9,10532025,3.3095E-07,1653.74,21.47951039,4.649408171
1/14/2026,15:16:58,10,10618591,3.2558E-07,956.48,15.73431833,62.72208905
1/14/2026,15:17:01,11,11103623,2.9776E-07,1983.58,18.37839877,67.87228899
1/14/2026,15:17:03,12,10815896,3.1381E-07,3077.84,24.9134543,62.27115414
1/14/2026,15:17:06,13,10812662,3.1400E-07,2495.30,20.75570765,34.22480487
1/14/2026,15:17:08,14,10931089,3.0723E-07,-2090.74,17.81214605,96.51710291
1/14/2026,15:17:11,15,No response,N/A,N/A,16.11060304,75.90605623
1/14/2026,15:17:13,16,12895350,2.2076E-07,3185.70,21.43406265,58.08528823
1/14/2026,15:17:16,1,11764680,2.6524E-07,-5535.69,19.40385017,50.05436973
1/14/2026,15:17:19,2,No response,N/A,N/A,21.83682921,35.32526347
1/14/2026,15:17:21,3,No response,N/A,N/A,18.83537742,81.05587093
1/14/2026,15:17:24,4,11374906,2.8372E-07,3140.42,15.73345642,4.807125606
1/14/2026,15:17:26,5,No response,N/A,N/A,18.06505303,95.41953601
1/14/2026,15:17:29,6,11159326,2.9479E-07,7638.83,16.0206854,74.58853668
1/14/2026,15:17:31,7,No response,N/A,N/A,15.69328424,37.95680804
1/14/2026,15:17:34,8,10808865,3.1422E-07,2184.58,15.06515244,60.49917019
1/14/2026,15:17:36,9,10531889,3.3096E-07,1679.61,24.05545344,89.98873594
1/14/2026,15:17:39,10,10618470,3.2559E-07,979.29,18.05263944,25.40759204
1/14/2026,15:17:42,11,11103700,2.9775E-07,1969.68,18.69037569,73.61269487
1/14/2026,15:17:44,12,10815868,3.1381E-07,3083.03,23.94990173,63.92730829
1/14/2026,15:17:47,13,10812644,3.1400E-07,2498.64,17.47819489,97.02020145
1/14/2026,15:17:49,14,10931071,3.0723E-07,-2087.45,22.82094889,94.14163064
1/14/2026,15:17:52,15,No response,N/A,N/A,23.47443245,89.14536922
1/14/2026,15:17:55,16,12896059,2.2074E-07,3075.39,18.06284638,91.52053648
1/14/2026,15:17:57,1,11765178,2.6521E-07,-5619.88,17.88397821,7.712114667
1/14/2026,15:18:00,2,No response,N/A,N/A,15.28248314,56.34534413
1/14/2026,15:18:02,3,No response,N/A,N/A,21.14537646,95.70006822
1/14/2026,15:18:05,4,11375487,2.8369E-07,3037.95,18.40702441,8.134032549
1/14/2026,15:18:07,5,No response,N/A,N/A,21.31781618,42.9934777
1/14/2026,15:18:10,6,11159858,2.9476E-07,7542.76,18.97762618,13.23410261
1/14/2026,15:18:12,7,No response,N/A,N/A,18.29956727,81.42444881
1/14/2026,15:18:15,8,10809598,3.1418E-07,2048.67,20.12420128,98.0881062
1/14/2026,15:18:18,9,10532644,3.3091E-07,1536.01,16.09274834,23.0590673
1/14/2026,15:18:20,10,10619373,3.2553E-07,809.06,22.6367264,52.83439428
1/14/2026,15:18:23,11,11103899,2.9774E-07,1933.77,21.19361268,82.87463217
1/14/2026,15:18:25,12,10816531,3.1377E-07,2960.07,18.20345065,99.74508353
1/14/2026,15:18:28,13,10813340,3.1396E-07,2369.59,19.30229474,89.03859906
1/14/2026,15:18:31,14,10931938,3.0718E-07,-2245.73,19.92469213,51.65686994
1/14/2026,15:18:33,15,No response,N/A,N/A,20.29699913,42.98898404
1/14/2026,15:18:36,16,12896883,2.2071E-07,2947.22,18.43020685,17.23356726
1/14/2026,15:18:38,1,11765611,2.6519E-07,-5693.07,16.99377023,9.083337085
1/14/2026,15:18:41,2,No response,N/A,N/A,23.21777528,9.38887902
1/14/2026,15:18:43,3,No response,N/A,N/A,22.3866418,38.45698837
1/14/2026,15:18:46,4,11375613,2.8369E-07,3015.73,15.07995668,65.7908892
1/14/2026,15:18:48,5,No response,N/A,N/A,22.76910973,19.81333458
1/14/2026,15:18:51,6,11159874,2.9476E-07,7539.87,16.92273959,64.89854095
1/14/2026,15:18:53,7,No response,N/A,N/A,22.65117967,47.24885306
1/14/2026,15:18:56,8,10809298,3.1419E-07,2104.30,21.57045775,76.97792957
1/14/2026,15:18:59,9,10532644,3.3091E-07,1536.01,22.14397987,55.77955447
1/14/2026,15:19:01,10,10619555,3.2552E-07,774.76,21.20302866,90.84151706
1/14/2026,15:19:04,11,11104169,2.9773E-07,1885.04,16.91770922,83.94484781
1/14/2026,15:19:06,12,10816885,3.1375E-07,2894.42,23.14773103,6.377792856
1/14/2026,15:19:09,13,10813565,3.1394E-07,2327.88,19.11326686,34.45012545
1/14/2026,15:19:12,14,10931811,3.0719E-07,-2222.55,16.19089104,79.65681994
1/14/2026,15:19:14,15,No response,N/A,N/A,23.56469401,9.000682296
1/14/2026,15:19:17,16,12896839,2.2071E-07,2954.06,22.76061604,85.02247443
1/14/2026,15:19:19,1,11765691,2.6519E-07,-5706.59,24.06985401,95.96736437
1/14/2026,15:19:22,2,No response,N/A,N/A,18.63523817,11.37875725
1/14/2026,15:19:24,3,No response,N/A,N/A,16.55668101,37.66541587
1/14/2026,15:19:27,4,11375477,2.8370E-07,3039.72,17.48515688,97.32099222
1/14/2026,15:19:29,5,No response,N/A,N/A,21.45159754,59.00762173
1/14/2026,15:19:32,6,11159655,2.9477E-07,7579.42,20.31616267,86.27352097
1/14/2026,15:19:34,7,No response,N/A,N/A,17.76062758,90.79416437
1/14/2026,15:19:37,8,10809230,3.1420E-07,2116.90,16.81821188,64.01535391
1/14/2026,15:19:40,9,10532382,3.3093E-07,1585.83,17.92398961,28.83384844
1/14/2026,15:19:42,10,10618854,3.2556E-07,906.89,20.47614551,92.22769869
1/14/2026,15:19:45,11,11104470,2.9771E-07,1830.73,21.12941669,44.70482712
1/14/2026,15:19:47,12,10816071,3.1380E-07,3045.38,18.15860107,95.0022348
1/14/2026,15:19:50,13,10812906,3.1398E-07,2450.05,18.56522602,22.6489317
1/14/2026,15:19:53,14,10931283,3.0722E-07,-2126.16,20.91173267,42.9704785
1/14/2026,15:19:55,15,No response,N/A,N/A,18.31133823,3.847870257
1/14/2026,15:19:58,16,12896087,2.2074E-07,3071.04,16.34083599,32.56729585
1/14/2026,15:20:00,1,11765380,2.6520E-07,-5654.02,24.77107753,96.76849481
1/14/2026,15:20:03,2,No response,N/A,N/A,19.37935055,31.10419122
1/14/2026,15:20:05,3,No response,N/A,N/A,23.90971687,38.79825185
1/14/2026,15:20:08,4,11375411,2.8370E-07,3051.36,18.8450696,19.03544012
1/14/2026,15:20:10,5,No response,N/A,N/A,22.47511567,95.86581965
1/14/2026,15:20:13,6,11159601,2.9478E-07,7589.17,17.33715335,26.66610546
1/14/2026,15:20:16,7,No response,N/A,N/A,19.9592616,37.40195465
1/14/2026,15:20:18,8,10809096,3.1420E-07,2141.75,22.83001345,84.75923554
1/14/2026,15:20:21,9,10532305,3.3094E-07,1600.48,20.15622281,64.79568627
1/14/2026,15:20:23,10,10618894,3.2556E-07,899.35,17.75811283,51.20278785
1/14/2026,15:20:26,11,11104069,2.9773E-07,1903.09,15.403933,5.606132728
1/14/2026,15:20:29,12,10816081,3.1380E-07,3043.52,23.048865,44.19447723
1/14/2026,15:20:31,13,10812992,3.1398E-07,2434.11,18.75678463,17.23444582
1/14/2026,15:20:34,14,10931398,3.0721E-07,-2147.15,18.2561392,94.4629915
1/14/2026,15:20:36,15,No response,N/A,N/A,22.81662718,57.28601714
1/14/2026,15:20:39,16,12896025,2.2074E-07,3080.68,22.5568651,14.09604683
1/14/2026,15:20:41,1,11765261,2.6521E-07,-5633.91,21.87237726,70.74019942
1/14/2026,15:20:44,2,No response,N/A,N/A,23.82544556,55.9197038
1/14/2026,15:20:46,3,No response,N/A,N/A,22.76630402,88.49890415
1/14/2026,15:20:49,4,11375371,2.8370E-07,3058.41,19.05967324,80.48979334
1/14/2026,15:20:52,5,No response,N/A,N/A,24.7889676,79.08773494
1/14/2026,15:20:54,6,11159606,2.9478E-07,7588.26,19.50188447,83.48083158
1/14/2026,15:20:57,7,No response,N/A,N/A,24.93389375,16.296856
1/14/2026,15:20:59,8,10809208,3.1420E-07,2120.98,23.2882233,63.87005521
1/14/2026,15:21:02,9,10532405,3.3093E-07,1581.46,16.227259,52.58244339
1/14/2026,15:21:04,10,10619025,3.2555E-07,874.66,18.36067691,10.71082024
1/14/2026,15:21:07,11,11104387,2.9772E-07,1845.71,21.29429276,50.14628646
1/14/2026,15:21:10,12,10816238,3.1379E-07,3014.41,19.67859063,69.22316316
1/14/2026,15:21:12,13,10813110,3.1397E-07,2412.23,21.12396905,43.38402928
1/14/2026,15:21:15,14,10931703,3.0720E-07,-2202.83,17.07668515,89.46438446
1/14/2026,15:21:17,15,No response,N/A,N/A,24.7012729,38.50228058
1/14/2026,15:21:20,16,12896706,2.2072E-07,2974.75,18.68746994,26.88200955
1/14/2026,15:21:23,1,11765511,2.6520E-07,-5676.16,16.01337807,2.674233454
1/14/2026,15:21:25,2,No response,N/A,N/A,17.33233901,88.74553211
1/14/2026,15:21:28,3,No response,N/A,N/A,17.52664989,79.00078067
1/14/2026,15:21:30,4,11375787,2.8368E-07,2985.05,16.3958662,65.5559695
1/14/2026,15:21:33,5,No response,N/A,N/A,24.36150214,16.16981538
1/14/2026,15:21:35,6,11159741,2.9477E-07,7563.89,17.06893346,57.6116969
1/14/2026,15:21:38,7,No response,N/A,N/A,18.29844396,4.68843871
1/14/2026,15:21:40,8,10809389,3.1419E-07,2087.42,23.56878035,92.06356463
1/14/2026,15:21:43,9,10532577,3.3092E-07,1548.75,15.59929283,21.25538513
1/14/2026,15:21:46,10,10619283,3.2554E-07,826.03,23.54580993,57.20750886
1/14/2026,15:21:48,11,11104422,2.9771E-07,1839.39,19.46340455,1.157785085
1/14/2026,15:21:51,12,10816315,3.1379E-07,3000.13,24.29893328,20.13764682
1/14/2026,15:21:53,13,10813159,3.1397E-07,2403.15,16.11895613,27.62520197
1/14/2026,15:21:56,14,10931456,3.0721E-07,-2157.74,15.92270766,70.4532521
1/14/2026,15:21:58,15,No response,N/A,N/A,15.55424448,33.61598754
1/14/2026,15:22:01,16,12895267,2.2077E-07,3198.61,18.39291655,7.893947867
1/14/2026,15:22:04,1,11765149,2.6521E-07,-5614.97,24.51682782,50.52050029
1/14/2026,15:22:06,2,No response,N/A,N/A,21.60282952,40.42587665
1/14/2026,15:22:09,3,No response,N/A,N/A,22.81932645,62.47232757
1/14/2026,15:22:11,4,11375390,2.8370E-07,3055.06,16.11468753,5.647224338
1/14/2026,15:22:14,5,No response,N/A,N/A,15.66532297,71.43207455
1/14/2026,15:22:16,6,11159331,2.9479E-07,7637.93,23.94184164,33.03099848
1/14/2026,15:22:19,7,No response,N/A,N/A,20.20565532,49.31239937
1/14/2026,15:22:21,8,10809109,3.1420E-07,2139.34,21.50587848,76.77750449
1/14/2026,15:22:24,9,10532898,3.3090E-07,1487.70,22.48517436,12.70843416
1/14/2026,15:22:27,10,10619880,3.2550E-07,713.51,15.50370975,99.72973251
1/14/2026,15:22:29,11,11103822,2.9775E-07,1947.66,24.0217131,6.132168573
1/14/2026,15:22:32,12,10816712,3.1376E-07,2926.50,17.11955102,84.73287774
1/14/2026,15:22:34,13,10813547,3.1395E-07,2331.21,17.57468129,25.20961781
1/14/2026,15:22:37,14,10931950,3.0718E-07,-2247.92,21.17210528,43.58208504
1/14/2026,15:22:39,15,No response,N/A,N/A,16.10349644,42.42962904
1/14/2026,15:22:42,16,12895124,2.2077E-07,3220.86,24.91936066,39.44494867
1/14/2026,15:22:45,1,11735849,2.6654E-07,-643.57,20.7222867,93.70444872
1/14/2026,15:22:47,2,No response,N/A,N/A,18.06044479,36.92129171
1/14/2026,15:22:50,3,No response,N/A,N/A,22.43748663,65.46943472
1/14/2026,15:22:52,4,11375245,2.8371E-07,3080.63,23.59183763,0.539788196
1/14/2026,15:22:55,5,No response,N/A,N/A,17.2656497,55.85368575
1/14/2026,15:22:57,6,11158936,2.9481E-07,7709.26,19.38356921,18.25231206
1/14/2026,15:23:00,7,No response,N/A,N/A,23.05891097,53.74274491
1/14/2026,15:23:02,8,10808682,3.1423E-07,2218.52,20.99449279,82.07570741
1/14/2026,15:23:05,9,10532331,3.3093E-07,1595.53,21.06978788,61.17394026
1/14/2026,15:23:08,10,10619075,3.2555E-07,865.23,17.97228797,36.37538936
1/14/2026,15:23:10,11,11103386,2.9777E-07,2026.35,19.11525264,12.57458263
1/14/2026,15:23:13,12,10814004,3.1392E-07,3428.86,19.24520375,49.98565861
1/14/2026,15:23:15,13,10813264,3.1396E-07,2383.68,16.55889278,60.16889983
1/14/2026,15:23:18,14,10950600,3.0614E-07,-5643.58,20.34084163,50.1216752
1/14/2026,15:23:21,15,No response,N/A,N/A,17.6414359,94.69816862
1/14/2026,15:23:23,16,12895157,2.2077E-07,3215.73,21.1163468,28.43499379
1/14/2026,15:23:26,1,11735721,2.6655E-07,-621.77,24.31102426,51.88767476
1/14/2026,15:23:28,2,No response,N/A,N/A,17.26765547,55.90038805
1/14/2026,15:23:31,3,No response,N/A,N/A,15.02606467,72.51554172
1/14/2026,15:23:33,4,11375458,2.8370E-07,3043.07,15.88789057,5.308535483
1/14/2026,15:23:36,5,No response,N/A,N/A,19.7178033,41.52930791
1/14/2026,15:23:38,6,11159060,2.9481E-07,7686.87,23.94990059,76.51243
1/14/2026,15:23:41,7,No response,N/A,N/A,15.09237503,63.32644752
1/14/2026,15:23:44,8,10808544,3.1424E-07,2244.11,16.3736637,53.93257825
1/14/2026,15:23:46,9,10532237,3.3094E-07,1613.41,19.61780801,68.52985304
1/14/2026,15:23:49,10,10618970,3.2556E-07,885.03,24.50038317,99.86542238
1/14/2026,15:23:51,11,11102784,2.9780E-07,2135.02,20.56640441,60.84912851
1/14/2026,15:23:54,12,10813973,3.1392E-07,3434.62,22.11908174,8.67563435
1/14/2026,15:23:57,13,10813155,3.1397E-07,2403.89,15.67490256,60.73570834
1/14/2026,15:23:59,14,10950813,3.0612E-07,-5682.26,22.69495292,79.21418201
1/14/2026,15:24:02,15,No response,N/A,N/A,23.51744081,4.40000792
1/14/2026,15:24:04,16,12894731,2.2078E-07,3282.01,15.3083485,71.92168355
1/14/2026,15:24:07,1,11735277,2.6657E-07,-546.14,15.80475417,7.966351066
1/14/2026,15:24:09,2,No response,N/A,N/A,17.57824501,35.12783451
1/14/2026,15:24:12,3,No response,N/A,N/A,19.5062799,71.81772228
1/14/2026,15:24:14,4,11375264,2.8371E-07,3077.28,23.1253806,80.06302196
1/14/2026,15:24:17,5,No response,N/A,N/A,23.40315378,90.78989992
1/14/2026,15:24:20,6,11158937,2.9481E-07,7709.08,22.63461379,63.99578656
1/14/2026,15:24:22,7,No response,N/A,N/A,24.97706031,8.452301166
1/14/2026,15:24:25,8,10808382,3.1425E-07,2274.16,23.31276244,12.98567784
1/14/2026,15:24:27,9,10532111,3.3095E-07,1637.38,23.10990669,69.08121201
1/14/2026,15:24:30,10,10618758,3.2557E-07,924.99,22.4706272,53.19844394
1/14/2026,15:24:32,11,11102076,2.9784E-07,2262.84,19.80175606,35.99395991
1/14/2026,15:24:35,12,10813769,3.1393E-07,3472.47,17.8078309,38.29927512
1/14/2026,15:24:38,13,10812824,3.1399E-07,2465.26,19.1740452,10.32506494
1/14/2026,15:24:40,14,10950893,3.0612E-07,-5696.79,21.68932499,86.80625467
1/14/2026,15:24:43,15,No response,N/A,N/A,21.85624946,67.71963444
1/14/2026,15:24:45,16,12894442,2.2079E-07,3326.99,23.63673762,98.34333701
1/14/2026,15:24:48,1,11735392,2.6656E-07,-565.73,18.17402989,67.31470342
1/14/2026,15:24:50,2,No response,N/A,N/A,19.94868836,91.6204869
1/14/2026,15:24:53,3,No response,N/A,N/A,18.42517787,22.4470499
1/14/2026,15:24:56,4,11375401,2.8370E-07,3053.12,16.27651052,81.92283029
1/14/2026,15:24:58,5,No response,N/A,N/A,15.26376615,87.46450485
1/14/2026,15:25:01,6,11159033,2.9481E-07,7691.74,22.03343846,39.85217818
1/14/2026,15:25:03,7,No response,N/A,N/A,21.29786244,74.42503811
1/14/2026,15:25:06,8,10808659,3.1423E-07,2222.79,24.32659353,92.81118911
1/14/2026,15:25:08,9,10532451,3.3093E-07,1572.71,19.0797174,95.52040846
1/14/2026,15:25:11,10,10619071,3.2555E-07,865.99,16.09066389,39.57200977
1/14/2026,15:25:14,11,11103125,2.9778E-07,2073.46,22.1397047,70.71436318
1/14/2026,15:25:16,12,10813936,3.1392E-07,3441.48,16.80250943,12.0304054
1/14/2026,15:25:19,13,10813100,3.1397E-07,2414.08,17.73606047,4.849090274
1/14/2026,15:25:21,14,10950816,3.0612E-07,-5682.80,18.18438846,93.87564953
1/14/2026,15:25:24,15,No response,N/A,N/A,18.95316978,72.1362904
1/14/2026,15:25:26,16,12894691,2.2078E-07,3288.24,20.00218045,61.0702624
1/14/2026,15:25:29,1,11735529,2.6655E-07,-589.06,19.25350037,28.74817366
1/14/2026,15:25:32,2,No response,N/A,N/A,15.35849091,29.37699395
1/14/2026,15:25:34,3,No response,N/A,N/A,20.86742645,88.76660214
1/14/2026,15:25:37,4,11375381,2.8370E-07,3056.65,16.57884487,7.595783013
1/14/2026,15:25:39,5,No response,N/A,N/A,18.17455694,63.76691391
1/14/2026,15:25:42,6,11158975,2.9481E-07,7702.22,22.26727928,86.9472852
1/14/2026,15:25:44,7,No response,N/A,N/A,24.47681129,34.39582897
1/14/2026,15:25:47,8,10808506,3.1424E-07,2251.16,15.91059979,16.85960009
1/14/2026,15:25:49,9,10532211,3.3094E-07,1618.36,16.16852798,18.10844102
1/14/2026,15:25:52,10,10618957,3.2556E-07,887.48,23.06469188,19.03696301
1/14/2026,15:25:55,11,11103175,2.9778E-07,2064.44,20.20690616,91.17276219
1/14/2026,15:25:57,12,10813994,3.1392E-07,3430.72,17.95632163,63.24286252
1/14/2026,15:26:00,13,10813131,3.1397E-07,2408.34,22.30970912,33.50483566
1/14/2026,15:26:02,14,10950522,3.0614E-07,-5629.41,23.04481578,87.83154682
1/14/2026,15:26:05,15,No response,N/A,N/A,21.00585478,95.74081812
1/14/2026,15:26:07,16,12894990,2.2077E-07,3241.71,17.25554607,80.79528033
1/14/2026,15:26:10,1,11735741,2.6654E-07,-625.17,24.9240715,99.92564608
1/14/2026,15:26:13,2,No response,N/A,N/A,15.7026957,35.61426187
1/14/2026,15:26:15,3,No response,N/A,N/A,23.9070013,35.92643481
1/14/2026,15:26:18,4,11375700,2.8368E-07,3000.39,21.74253148,73.52777017
1/14/2026,15:26:20,5,No response,N/A,N/A,17.13297919,35.79957693
1/14/2026,15:26:23,6,11159244,2.9480E-07,7653.64,16.92766177,95.6218681
1/14/2026,15:26:25,7,No response,N/A,N/A,18.43596685,49.50737975
1/14/2026,15:26:28,8,10808856,3.1422E-07,2186.25,19.52640372,58.16900531
1/14/2026,15:26:30,9,10532686,3.3091E-07,1528.02,23.09318225,35.84644604
1/14/2026,15:26:33,10,10619437,3.2553E-07,797.00,23.62397218,69.09962147
1/14/2026,15:26:36,11,11103472,2.9776E-07,2010.83,18.86345435,94.57303771
1/14/2026,15:26:38,12,10814198,3.1391E-07,3392.86,24.22912071,90.29926262
1/14/2026,15:26:41,13,10813448,3.1395E-07,2349.57,17.62092999,43.34515327
1/14/2026,15:26:43,14,10951241,3.0610E-07,-5759.98,17.28796762,91.64620333
1/14/2026,15:26:46,15,No response,N/A,N/A,20.02978624,19.14791285
1/14/2026,15:26:49,16,12895317,2.2076E-07,3190.83,20.16038772,92.89162608
1/14/2026,15:26:51,1,11735933,2.6654E-07,-657.87,22.65772189,89.33268269
1/14/2026,15:26:54,2,No response,N/A,N/A,21.64896544,51.03281251
1/14/2026,15:26:56,3,No response,N/A,N/A,18.3367089,57.01359904
1/14/2026,15:26:59,4,11375711,2.8368E-07,2998.45,23.84372025,66.03134113
1/14/2026,15:27:01,5,No response,N/A,N/A,20.92906698,61.64676832
1/14/2026,15:27:04,6,11159315,2.9479E-07,7640.81,19.41625421,19.50183671
1/14/2026,15:27:06,7,No response,N/A,N/A,15.84897107,2.821103398
1/14/2026,15:27:09,8,10808865,3.1422E-07,2184.58,17.65846071,37.98367143
1/14/2026,15:27:12,9,10532713,3.3091E-07,1522.88,21.60838543,28.45574438
1/14/2026,15:27:14,10,10619563,3.2552E-07,773.25,20.88897732,48.28593579
1/14/2026,15:27:17,11,11103359,2.9777E-07,2031.23,17.67660236,15.97172909
1/14/2026,15:27:19,12,10814389,3.1390E-07,3357.42,22.17176428,14.67994348
1/14/2026,15:27:22,13,10813656,3.1394E-07,2311.01,15.9123939,27.91765805
1/14/2026,15:27:25,14,10951380,3.0609E-07,-5785.22,23.0822819,67.4806072
1/14/2026,15:27:27,15,No response,N/A,N/A,23.69684794,71.36509192
1/14/2026,15:27:30,16,12895571,2.2075E-07,3151.31,19.47650728,91.63293292
1/14/2026,15:27:32,1,11736041,2.6653E-07,-676.26,21.41291019,73.09250856
1/14/2026,15:27:35,2,No response,N/A,N/A,15.446765,10.4978228
1/14/2026,15:27:37,3,No response,N/A,N/A,17.69154977,95.51985485
1/14/2026,15:27:40,4,11376010,2.8367E-07,2945.73,16.23784749,61.77274549
1/14/2026,15:27:42,5,No response,N/A,N/A,22.28035652,61.24689061
1/14/2026,15:27:45,6,11159674,2.9477E-07,7575.99,17.67515653,18.82818134
1/14/2026,15:27:47,7,No response,N/A,N/A,18.57944596,3.758117146
1/14/2026,15:27:50,8,10809039,3.1421E-07,2152.32,19.32522151,78.10125943
1/14/2026,15:27:53,9,10533119,3.3089E-07,1445.68,23.00041509,64.5330992
1/14/2026,15:27:55,10,10619906,3.2550E-07,708.61,23.37561129,75.7540783
1/14/2026,15:27:58,11,11099043,2.9800E-07,2810.68,15.79473454,34.23103152
1/14/2026,15:28:00,12,10814407,3.1390E-07,3354.08,24.66720578,88.80202502
1/14/2026,15:28:03,13,10813905,3.1393E-07,2264.85,16.82802326,84.2580679
1/14/2026,15:28:06,14,10961261,3.0554E-07,-7576.87,18.332566,93.18873959
1/14/2026,15:28:08,15,No response,N/A,N/A,22.33143417,31.77719949
1/14/2026,15:28:11,16,12895440,2.2076E-07,3171.69,24.41505365,64.05782746
1/14/2026,15:28:13,1,11747559,2.6601E-07,-2634.89,18.98313324,31.96483376
1/14/2026,15:28:16,2,No response,N/A,N/A,20.52177893,71.10150635
1/14/2026,15:28:18,3,No response,N/A,N/A,19.79200433,19.42542072
1/14/2026,15:28:21,4,11375982,2.8367E-07,2950.67,15.99535113,56.74308772
1/14/2026,15:28:23,5,No response,N/A,N/A,22.06332333,28.8918378
1/14/2026,15:28:26,6,11159450,2.9479E-07,7616.44,22.05328082,51.18415735
1/14/2026,15:28:29,7,No response,N/A,N/A,16.35828828,49.71586412
1/14/2026,15:28:31,8,10809020,3.1421E-07,2155.84,21.4560102,31.34616338
1/14/2026,15:28:34,9,10533069,3.3089E-07,1455.19,21.33754875,16.06486928
1/14/2026,15:28:36,10,10619997,3.2549E-07,691.46,21.20596521,84.04452165
1/14/2026,15:28:39,11,11103446,2.9777E-07,2015.52,20.6068039,40.13869246
1/14/2026,15:28:42,12,10814710,3.1388E-07,3297.86,16.21225018,41.01129447
1/14/2026,15:28:44,13,10814013,3.1392E-07,2244.83,24.3523174,76.50900402
1/14/2026,15:28:47,14,10960002,3.0561E-07,-7348.86,18.92226065,15.26192613
1/14/2026,15:28:49,15,No response,N/A,N/A,23.39772401,15.82278845
1/14/2026,15:28:52,16,12895689,2.2075E-07,3132.95,21.69771077,83.07708301
1/14/2026,15:28:54,1,11745858,2.6609E-07,-2346.00,21.23911858,10.85632653
1/14/2026,15:28:57,2,No response,N/A,N/A,22.56800899,51.14051845
1/14/2026,15:28:59,3,No response,N/A,N/A,19.7322365,11.44761975
1/14/2026,15:29:02,4,11376214,2.8366E-07,2909.76,24.77714374,45.50570607
1/14/2026,15:29:05,5,No response,N/A,N/A,23.77933073,22.94763445
1/14/2026,15:29:07,6,11159644,2.9477E-07,7581.40,20.91868794,63.6706576
1/14/2026,15:29:10,7,No response,N/A,N/A,24.72226587,37.90247972
1/14/2026,15:29:12,8,10809276,3.1419E-07,2108.37,16.60069644,51.17094878
1/14/2026,15:29:15,9,10533354,3.3087E-07,1400.99,18.57143468,65.07303107
1/14/2026,15:29:17,10,10620368,3.2547E-07,621.54,22.75205104,35.57240243
1/14/2026,15:29:20,11,11104448,2.9771E-07,1834.70,15.66918361,74.97177559
1/14/2026,15:29:23,12,10815144,3.1385E-07,3217.34,20.86331892,63.69246667
1/14/2026,15:29:25,13,10814420,3.1390E-07,2169.39,21.95932212,43.18505803
1/14/2026,15:29:28,14,10960357,3.0559E-07,-7413.16,20.07854051,46.95421459
1/14/2026,15:29:30,15,No response,N/A,N/A,15.18867358,26.40023476
1/14/2026,15:29:33,16,12896414,2.2073E-07,3020.17,18.9755812,52.53546646
1/14/2026,15:29:36,1,11746242,2.6607E-07,-2411.23,21.22307099,53.36371181
1/14/2026,15:29:38,2,No response,N/A,N/A,16.32565068,65.08347793
1/14/2026,15:29:41,3,No response,N/A,N/A,23.87022058,21.03839806
1/14/2026,15:29:43,4,11376418,2.8365E-07,2873.79,18.15777358,33.18425795
1/14/2026,15:29:46,5,No response,N/A,N/A,15.18140927,36.37997346
1/14/2026,15:29:48,6,11159829,2.9477E-07,7548.00,24.58419949,91.12416493
1/14/2026,15:29:51,7,No response,N/A,N/A,17.92771689,78.01971055
1/14/2026,15:29:53,8,10809522,3.1418E-07,2062.76,24.91620125,62.12272587
1/14/2026,15:29:56,9,10533553,3.3086E-07,1363.16,18.03474729,98.78367962
1/14/2026,15:29:58,10,10620589,3.2546E-07,579.90,22.38941871,71.31011054
1/14/2026,15:30:01,11,11104569,2.9771E-07,1812.87,16.85054334,53.42777435
1/14/2026,15:30:04,12,10815234,3.1385E-07,3200.64,20.34954188,88.3880941
1/14/2026,15:30:06,13,10814629,3.1388E-07,2130.66,23.44238213,47.39593244
1/14/2026,15:30:09,14,10960608,3.0558E-07,-7458.62,16.13825799,13.45597324
1/14/2026,15:30:11,15,No response,N/A,N/A,21.28101545,41.03685239
1/14/2026,15:30:14,16,12896905,2.2071E-07,2943.80,18.1992954,86.87863287
1/14/2026,15:30:17,1,11746321,2.6606E-07,-2424.65,20.73206977,50.39863116
1/14/2026,15:30:19,2,No response,N/A,N/A,17.14486151,35.12579408
1/14/2026,15:30:22,3,No response,N/A,N/A,24.01268584,73.9596768
1/14/2026,15:30:24,4,11376718,2.8363E-07,2820.90,15.09771973,50.55240025
1/14/2026,15:30:27,5,No response,N/A,N/A,18.93258018,37.80482561
1/14/2026,15:30:29,6,11160119,2.9475E-07,7495.63,21.91823917,85.94101657
1/14/2026,15:30:32,7,No response,N/A,N/A,20.57579372,23.45182639
1/14/2026,15:30:34,8,10809778,3.1416E-07,2015.30,15.18588359,47.20163138
1/14/2026,15:30:37,9,10533934,3.3083E-07,1290.72,16.144777,98.17617914
1/14/2026,15:30:40,10,10621083,3.2543E-07,486.83,20.5568208,91.07219386
1/14/2026,15:30:42,11,11104587,2.9771E-07,1809.62,15.48224629,36.53030717
1/14/2026,15:30:45,12,10815746,3.1382E-07,3105.66,17.25695025,3.096108478
1/14/2026,15:30:47,13,10815079,3.1386E-07,2047.26,15.1434699,51.33191642
1/14/2026,15:30:50,14,10961201,3.0554E-07,-7566.01,19.16812669,72.41867451
1/14/2026,15:30:52,15,No response,N/A,N/A,16.60885432,58.5345531
1/14/2026,15:30:55,16,12897133,2.2070E-07,2908.34,22.5736764,67.49179724
1/14/2026,15:30:58,1,11746976,2.6604E-07,-2535.89,15.90993055,86.50905322
1/14/2026,15:31:00,2,No response,N/A,N/A,17.33807269,61.74046263
1/14/2026,15:31:03,3,No response,N/A,N/A,17.60599403,7.90697371
1/14/2026,15:31:05,4,11376843,2.8363E-07,2798.87,24.30165771,24.5518876
1/14/2026,15:31:08,5,No response,N/A,N/A,22.53774739,27.36507067
1/14/2026,15:31:10,6,11160158,2.9475E-07,7488.59,19.46170636,58.91264226
1/14/2026,15:31:13,7,No response,N/A,N/A,17.52110112,10.69302583
1/14/2026,15:31:15,8,10809897,3.1416E-07,1993.24,24.99760364,57.71023092
1/14/2026,15:31:18,9,10534042,3.3083E-07,1270.19,24.55629037,54.80407642
1/14/2026,15:31:21,10,10621209,3.2542E-07,463.09,15.48455738,93.25041306
1/14/2026,15:31:23,11,11104720,2.9770E-07,1785.62,23.19382471,97.58072575
1/14/2026,15:31:26,12,10815699,3.1382E-07,3114.38,15.25941544,56.82108236
1/14/2026,15:31:28,13,10815279,3.1385E-07,2010.20,18.56944793,84.56162821
1/14/2026,15:31:31,14,10961366,3.0554E-07,-7595.89,16.28618129,22.42813422
1/14/2026,15:31:34,15,No response,N/A,N/A,21.47443494,23.24727222
1/14/2026,15:31:36,16,12897111,2.2070E-07,2911.76,21.56971069,20.55763133
1/14/2026,15:31:39,1,11746241,2.6607E-07,-2411.06,21.51671226,14.16867311
1/14/2026,15:31:41,2,No response,N/A,N/A,20.57419622,31.03045293
1/14/2026,15:31:44,3,No response,N/A,N/A,23.68538798,29.11250908
1/14/2026,15:31:46,4,11376902,2.8362E-07,2788.46,17.09816443,26.54936538
1/14/2026,15:31:49,5,No response,N/A,N/A,19.67771207,24.55725846
1/14/2026,15:31:51,6,11160187,2.9475E-07,7483.36,19.20080952,26.71151572
1/14/2026,15:31:54,7,No response,N/A,N/A,22.07865662,67.96580869
1/14/2026,15:31:57,8,10809875,3.1416E-07,1997.32,20.65599896,4.1356208
1/14/2026,15:31:59,9,10534000,3.3083E-07,1278.18,17.86570083,89.06133581
1/14/2026,15:32:02,10,10621227,3.2542E-07,459.70,23.96184232,23.63743944
1/14/2026,15:32:04,11,11104684,2.9770E-07,1792.12,16.17140411,81.75598655
1/14/2026,15:32:07,12,10815665,3.1382E-07,3120.69,19.62228664,87.60200475
1/14/2026,15:32:10,13,10815293,3.1384E-07,2007.61,22.96188562,53.89937423
1/14/2026,15:32:12,14,10961038,3.0555E-07,-7536.49,22.87856669,74.78158851
1/14/2026,15:32:15,15,No response,N/A,N/A,16.75370962,91.75222947
1/14/2026,15:32:17,16,12897284,2.2070E-07,2884.86,22.57407268,28.24565175
1/14/2026,15:32:20,1,11746454,2.6606E-07,-2447.24,16.71270452,60.21716008
1/14/2026,15:32:22,2,No response,N/A,N/A,20.75234028,70.30046643
1/14/2026,15:32:25,3,No response,N/A,N/A,23.46337537,81.97487531
1/14/2026,15:32:27,4,11376979,2.8362E-07,2774.89,24.05883772,2.758323498
1/14/2026,15:32:30,5,No response,N/A,N/A,23.79331633,98.86915189
1/14/2026,15:32:33,6,11160150,2.9475E-07,7490.04,20.60738386,61.3471224
1/14/2026,15:32:35,7,No response,N/A,N/A,21.17645824,7.747917053
1/14/2026,15:32:38,8,10810015,3.1415E-07,1971.37,22.34793792,28.57479363
1/14/2026,15:32:40,9,10534128,3.3082E-07,1253.84,16.30615294,50.15623715
1/14/2026,15:32:43,10,10621395,3.2541E-07,428.05,21.20680545,15.47683324
1/14/2026,15:32:45,11,11105273,2.9767E-07,1685.86,24.63381416,0.180826266
1/14/2026,15:32:48,12,10815917,3.1381E-07,3073.94,17.02603365,9.510452386
1/14/2026,15:32:51,13,10815437,3.1384E-07,1980.93,17.59849368,11.18915624
1/14/2026,15:32:53,14,10961337,3.0554E-07,-7590.63,23.74019726,46.57075609
1/14/2026,15:32:56,15,No response,N/A,N/A,20.89023675,62.97990227
1/14/2026,15:32:58,16,12897371,2.2069E-07,2871.33,21.78831786,30.82872697
1/14/2026,15:33:01,1,11747094,2.6603E-07,-2555.93,21.10031283,28.86260178
1/14/2026,15:33:03,2,No response,N/A,N/A,20.12650488,19.70256989
1/14/2026,15:33:06,3,No response,N/A,N/A,23.45031432,6.884509461
1/14/2026,15:33:09,4,11376969,2.8362E-07,2776.65,23.06114267,86.68084804
1/14/2026,15:33:11,5,No response,N/A,N/A,20.25437317,76.21607754
1/14/2026,15:33:14,6,11160275,2.9474E-07,7467.47,15.14293119,90.32141346
1/14/2026,15:33:16,7,No response,N/A,N/A,17.78673602,42.47487699
1/14/2026,15:33:19,8,10809934,3.1416E-07,1986.38,23.2399915,90.26291916
1/14/2026,15:33:21,9,10534178,3.3082E-07,1244.34,18.25446321,62.65981462
1/14/2026,15:33:24,10,10621403,3.2541E-07,426.54,21.49003733,93.29640529
1/14/2026,15:33:26,11,11105244,2.9767E-07,1691.09,19.86819017,95.04885391
1/14/2026,15:33:29,12,10815794,3.1382E-07,3096.76,16.78430296,48.88334618
1/14/2026,15:33:32,13,10815437,3.1384E-07,1980.93,20.92853008,49.59417068
1/14/2026,15:33:34,14,10961008,3.0556E-07,-7531.06,16.7719977,21.16263712
1/14/2026,15:33:37,15,No response,N/A,N/A,24.59015088,43.46417071
1/14/2026,15:33:39,16,12897426,2.2069E-07,2862.77,20.57365165,66.49617387
1/14/2026,15:33:42,1,11746390,2.6606E-07,-2436.37,18.61183923,34.94073401
1/14/2026,15:33:44,2,No response,N/A,N/A,16.93637368,58.92470397
1/14/2026,15:33:47,3,No response,N/A,N/A,23.72330292,88.75731652
1/14/2026,15:33:50,4,11377639,2.8359E-07,2658.55,21.26091913,61.59198552
1/14/2026,15:33:52,5,No response,N/A,N/A,15.33190231,15.44861956
1/14/2026,15:33:55,6,11160108,2.9475E-07,7497.62,23.10359636,76.19146339
1/14/2026,15:33:57,7,No response,N/A,N/A,17.11095165,9.57463992
1/14/2026,15:34:00,8,10809630,3.1417E-07,2042.74,19.39749512,11.90808105
1/14/2026,15:34:02,9,10534000,3.3083E-07,1278.18,22.71899457,44.66309394
1/14/2026,15:34:05,10,10620793,3.2544E-07,541.46,16.53521088,36.39226395
1/14/2026,15:34:08,11,11104147,2.9773E-07,1889.01,22.41287619,12.3133834
1/14/2026,15:34:10,12,10815139,3.1385E-07,3218.26,24.76062336,75.88142193
1/14/2026,15:34:13,13,10814512,3.1389E-07,2152.34,16.19773429,17.43666165
1/14/2026,15:34:15,14,10960388,3.0559E-07,-7418.77,19.60030651,48.30758652
1/14/2026,15:34:18,15,No response,N/A,N/A,21.97566402,76.44491889
1/14/2026,15:34:20,16,12896109,2.2074E-07,3067.61,16.67030452,37.74108362
1/14/2026,15:34:23,1,11746390,2.6606E-07,-2436.37,23.09244937,41.27132754
1/14/2026,15:34:26,2,No response,N/A,N/A,19.98594976,45.73950417
1/14/2026,15:34:28,3,No response,N/A,N/A,17.91851707,9.179349458
1/14/2026,15:34:31,4,11377628,2.8359E-07,2660.49,18.33173889,32.50401555
1/14/2026,15:34:33,5,No response,N/A,N/A,24.14379852,26.12794176
1/14/2026,15:34:36,6,11160021,2.9475E-07,7513.33,18.07974647,55.19886576
1/14/2026,15:34:38,7,No response,N/A,N/A,19.73598256,43.1469429
1/14/2026,15:34:41,8,10809679,3.1417E-07,2033.66,16.98970315,62.6726501
1/14/2026,15:34:44,9,10534204,3.3082E-07,1239.40,15.18215633,19.05065096
1/14/2026,15:34:46,10,10620584,3.2546E-07,580.84,17.30549839,63.85813418
1/14/2026,15:34:49,11,11104372,2.9772E-07,1848.41,15.12745063,66.46674161
1/14/2026,15:34:51,12,10815108,3.1386E-07,3224.01,24.03320618,43.32063996
1/14/2026,15:34:54,13,10814546,3.1389E-07,2146.04,16.35659767,30.42312282
1/14/2026,15:34:57,14,10960474,3.0559E-07,-7434.35,19.41360301,31.69925656
1/14/2026,15:34:59,15,No response,N/A,N/A,23.83458374,49.14045098
1/14/2026,15:35:02,16,12896481,2.2072E-07,3009.75,16.0048317,32.22416154
1/14/2026,15:35:04,1,11746119,2.6607E-07,-2390.34,16.78241382,82.84293468
1/14/2026,15:35:07,2,No response,N/A,N/A,23.44834427,66.59473833
1/14/2026,15:35:09,3,No response,N/A,N/A,21.46411002,50.79935534
1/14/2026,15:35:12,4,11377463,2.8360E-07,2689.58,21.86974844,10.2478872
1/14/2026,15:35:14,5,No response,N/A,N/A,20.90437208,29.5660126
1/14/2026,15:35:17,6,11159730,2.9477E-07,7565.87,18.91316872,42.88596013
1/14/2026,15:35:19,7,No response,N/A,N/A,22.72137138,76.40370373
1/14/2026,15:35:22,8,10809318,3.1419E-07,2100.59,24.93075123,19.35867783
1/14/2026,15:35:25,9,10533748,3.3085E-07,1326.08,18.25453808,21.01369239
1/14/2026,15:35:27,10,10619997,3.2549E-07,691.46,24.01020115,12.2945736
1/14/2026,15:35:30,11,11103832,2.9775E-07,1945.86,23.32002504,78.4943334
1/14/2026,15:35:32,12,10814688,3.1388E-07,3301.94,22.92888886,25.21020581
1/14/2026,15:35:35,13,10814121,3.1391E-07,2224.81,17.59105149,40.67467461
1/14/2026,15:35:38,14,10960196,3.0560E-07,-7384.00,21.46100581,86.46964555
1/14/2026,15:35:40,15,No response,N/A,N/A,19.23208796,68.76985051
1/14/2026,15:35:43,16,12895906,2.2074E-07,3099.19,19.58338732,24.94721636
1/14/2026,15:35:45,1,11745658,2.6609E-07,-2312.03,15.15516219,96.1061029
1/14/2026,15:35:48,2,No response,N/A,N/A,22.6840576,31.19475311
1/14/2026,15:35:50,3,No response,N/A,N/A,21.26585259,27.43164255
1/14/2026,15:35:53,4,11377842,2.8358E-07,2622.78,24.58499268,64.5528246
1/14/2026,15:35:55,5,No response,N/A,N/A,22.86483212,33.48607716
1/14/2026,15:35:58,6,11159054,2.9481E-07,7687.95,18.08629146,38.01363169
1/14/2026,15:36:01,7,No response,N/A,N/A,18.90264256,86.49550075
1/14/2026,15:36:03,8,10808352,3.1425E-07,2279.72,15.37137846,26.93980071
1/14/2026,15:36:06,9,10532535,3.3092E-07,1556.74,21.76538928,62.94365473
1/14/2026,15:36:08,10,10617266,3.2566E-07,1206.32,15.83336752,45.38989601
1/14/2026,15:36:11,11,11102539,2.9781E-07,2179.25,21.09692514,32.33991025
1/14/2026,15:36:14,12,10812770,3.1399E-07,3657.91,23.43037904,5.490624661
1/14/2026,15:36:16,13,10812037,3.1403E-07,2611.20,19.21265596,14.91934671
1/14/2026,15:36:19,14,10958381,3.0570E-07,-7055.16,20.76512234,6.008204986
1/14/2026,15:36:21,15,No response,N/A,N/A,18.34898632,62.16375244
1/14/2026,15:36:24,16,12890534,2.2093E-07,3935.43,21.58979385,39.77535341
1/14/2026,15:36:26,1,11743779,2.6618E-07,-1992.74,19.14116726,40.00040196
1/14/2026,15:36:29,2,No response,N/A,N/A,19.30375724,73.64110681
1/14/2026,15:36:31,3,No response,N/A,N/A,20.42902313,19.09048367
1/14/2026,15:36:34,4,11376486,2.8364E-07,2861.80,16.354743,46.92278811
1/14/2026,15:36:37,5,No response,N/A,N/A,17.96689341,62.89060987
1/14/2026,15:36:39,6,11158094,2.9486E-07,7861.35,16.77613544,2.255546131
1/14/2026,15:36:42,7,No response,N/A,N/A,15.22172619,43.20928663
1/14/2026,15:36:44,8,10807558,3.1429E-07,2427.00,23.78476663,16.42922189
1/14/2026,15:36:47,9,10532147,3.3095E-07,1630.53,22.07978377,87.91865403
1/14/2026,15:36:49,10,10616810,3.2569E-07,1292.33,15.89684577,4.143091486
1/14/2026,15:36:52,11,11101255,2.9788E-07,2411.09,22.95282041,55.17386001
1/14/2026,15:36:55,12,10812249,3.1402E-07,3754.63,18.9875884,50.58194899
1/14/2026,15:36:57,13,10811503,3.1406E-07,2710.25,17.83683045,18.28891491
1/14/2026,15:37:00,14,10957986,3.0572E-07,-6983.58,23.72343896,97.67073384
1/14/2026,15:37:02,15,No response,N/A,N/A,24.94824878,29.372211
1/14/2026,15:37:05,16,12891902,2.2088E-07,3722.38,18.55465158,74.05008167
1/14/2026,15:37:08,1,11744511,2.6615E-07,-2117.14,19.46127196,0.205754179
1/14/2026,15:37:10,2,No response,N/A,N/A,18.165571,56.44112993
1/14/2026,15:37:13,3,No response,N/A,N/A,24.8170495,97.07382187
1/14/2026,15:37:15,4,11377038,2.8362E-07,2764.49,22.07273687,41.99698058
1/14/2026,15:37:18,5,No response,N/A,N/A,20.12186099,83.13145067
1/14/2026,15:37:20,6,11158887,2.9481E-07,7718.11,17.10433651,50.86356826
1/14/2026,15:37:23,7,No response,N/A,N/A,24.26543734,46.64531893
1/14/2026,15:37:25,8,10808697,3.1423E-07,2215.74,23.02496088,56.67624881
1/14/2026,15:37:28,9,10533110,3.3089E-07,1447.39,16.52642337,14.8610093
1/14/2026,15:37:31,10,10617754,3.2563E-07,1114.29,21.42544928,73.90680239
1/14/2026,15:37:33,11,11102879,2.9780E-07,2117.87,15.98530339,35.70177646
1/14/2026,15:37:36,12,10812900,3.1398E-07,3633.77,15.41612131,63.36688382
1/14/2026,15:37:38,13,10812114,3.1403E-07,2596.92,15.76220756,95.2014107
1/14/2026,15:37:41,14,10958236,3.0571E-07,-7028.88,17.77949579,2.011426226
1/14/2026,15:37:43,15,No response,N/A,N/A,23.2493759,84.52790349
1/14/2026,15:37:46,16,12891009,2.2091E-07,3861.45,22.9547663,35.11525003
1/14/2026,15:37:49,1,11744382,2.6615E-07,-2095.22,19.91645433,27.99477054
1/14/2026,15:37:51,2,No response,N/A,N/A,16.8326435,6.546663578
1/14/2026,15:37:54,3,No response,N/A,N/A,18.72526149,89.24456157
1/14/2026,15:37:56,4,11376426,2.8365E-07,2872.38,22.15856259,85.26747175
1/14/2026,15:37:59,5,No response,N/A,N/A,21.59747816,78.32012647
1/14/2026,15:38:01,6,11158037,2.9486E-07,7871.65,15.90124605,49.98365135
1/14/2026,15:38:04,7,No response,N/A,N/A,17.11652339,65.23479319
1/14/2026,15:38:06,8,10807604,3.1429E-07,2418.46,17.87274068,5.758766395
1/14/2026,15:38:09,9,10532043,3.3095E-07,1650.31,17.77160556,61.69878074
1/14/2026,15:38:12,10,10616801,3.2569E-07,1294.03,21.13789776,58.46580019
1/14/2026,15:38:14,11,11102493,2.9782E-07,2187.55,21.61290926,86.81669385
1/14/2026,15:38:17,12,10812675,3.1400E-07,3675.54,15.93146901,74.73379987
1/14/2026,15:38:19,13,10811775,3.1405E-07,2659.79,15.10921981,82.15072122
1/14/2026,15:38:22,14,10957879,3.0573E-07,-6964.18,19.23298966,40.65769976
1/14/2026,15:38:25,15,No response,N/A,N/A,19.659274,56.74479483
1/14/2026,15:38:27,16,12889808,2.2095E-07,4048.53,15.03399971,14.23242987
1/14/2026,15:38:30,1,11743820,2.6618E-07,-1999.71,22.65786987,61.93473509
1/14/2026,15:38:32,2,No response,N/A,N/A,21.68306038,7.132905527
1/14/2026,15:38:35,3,No response,N/A,N/A,21.93504224,64.59144447
1/14/2026,15:38:37,4,11376572,2.8364E-07,2846.64,24.68664293,96.49499854
1/14/2026,15:38:40,5,No response,N/A,N/A,18.79087972,6.376081879
1/14/2026,15:38:42,6,11158431,2.9484E-07,7800.48,22.16906427,74.50787235
1/14/2026,15:38:45,7,No response,N/A,N/A,21.2079397,9.159357087
1/14/2026,15:38:48,8,10808070,3.1426E-07,2332.02,20.79564006,54.5224599
1/14/2026,15:38:50,9,10532753,3.3091E-07,1515.28,19.58006724,57.74826027
1/14/2026,15:38:53,10,10617421,3.2565E-07,1177.09,22.54833584,62.79739194
1/14/2026,15:38:55,11,11102984,2.9779E-07,2098.91,18.82743825,76.87332806
1/14/2026,15:38:58,12,10813162,3.1397E-07,3585.14,18.10329094,29.62317334
1/14/2026,15:39:01,13,10812721,3.1399E-07,2484.36,22.34471717,26.05813511
1/14/2026,15:39:03,14,10958769,3.0568E-07,-7125.47,20.54324184,73.59645525
1/14/2026,15:39:06,15,No response,N/A,N/A,16.15219025,86.33329075
1/14/2026,15:39:08,16,12892011,2.2088E-07,3705.41,16.88129,7.993181904
1/14/2026,15:39:11,1,11744585,2.6614E-07,-2129.72,23.04442959,0.831926912
1/14/2026,15:39:13,2,No response,N/A,N/A,21.3520507,26.57902017
1/14/2026,15:39:16,3,No response,N/A,N/A,18.46406016,55.25291911
1/14/2026,15:39:18,4,11377221,2.8361E-07,2732.23,24.87411005,62.29052692
1/14/2026,15:39:21,5,No response,N/A,N/A,24.53653679,25.40307757
1/14/2026,15:39:24,6,11158925,2.9481E-07,7711.25,23.18103952,71.2693631
1/14/2026,15:39:26,7,No response,N/A,N/A,17.69806893,19.40593833
1/14/2026,15:39:29,8,10808959,3.1421E-07,2167.15,17.76365284,87.44550531
1/14/2026,15:39:31,9,10533602,3.3085E-07,1353.84,21.09282507,42.44982466
1/14/2026,15:39:34,10,10618423,3.2559E-07,988.15,19.35100732,41.26721328
1/14/2026,15:39:36,11,11102630,2.9781E-07,2162.82,21.44453506,70.87111346
1/14/2026,15:39:39,12,10811580,3.1406E-07,3878.86,22.40317935,62.18927191
1/14/2026,15:39:42,13,108124,3.1401E-03,10024438820.66,24.49392157,25.22178779
1/14/2026,15:39:45,14,No response,N/A,N/A,15.28951827,25.19064738
1/14/2026,15:39:47,15,No response,N/A,N/A,23.5557219,35.37846684
1/14/2026,15:39:50,16,No response,N/A,N/A,19.81006712,17.04630331
1/14/2026,15:39:52,1,No response,N/A,N/A,23.87800276,2.736381454
1/14/2026,15:39:55,2,No response,N/A,N/A,20.3641564,21.02137607
1/14/2026,15:39:57,3,No response,N/A,N/A,15.47236265,19.8296843
1/14/2026,15:40:00,4,No response,N/A,N/A,17.70637798,42.64004968
1/14/2026,15:40:02,5,No response,N/A,N/A,20.7611734,10.52938545
1/14/2026,15:40:05,6,No response,N/A,N/A,23.24068261,80.76887841
1/14/2026,15:40:07,7,No response,N/A,N/A,15.8929838,44.36522606
1/14/2026,15:40:10,8,No response,N/A,N/A,19.74872124,25.39158042
1/14/2026,15:40:12,9,No response,N/A,N/A,15.89806431,83.43000888
1/14/2026,15:40:15,10,No response,N/A,N/A,20.98505106,90.5366093
1/14/2026,15:40:17,11,No response,N/A,N/A,22.42717416,76.48698373
1/14/2026,15:40:20,12,No response,N/A,N/A,24.36505853,61.34619316
1/14/2026,15:40:22,13,No response,N/A,N/A,15.15725453,15.81742088
1/14/2026,15:40:25,14,No response,N/A,N/A,21.65652462,81.46165242
1/14/2026,15:40:27,15,No response,N/A,N/A,22.5345054,95.00889577
1/14/2026,15:40:30,16,No response,N/A,N/A,19.96933354,67.25584394
1/14/2026,15:40:32,1,No response,N/A,N/A,21.43211762,62.05719654
1/14/2026,15:40:35,2,No response,N/A,N/A,19.2456182,5.040456695
1/14/2026,15:40:37,3,No response,N/A,N/A,18.34746778,35.69617505
1/14/2026,15:40:40,4,No response,N/A,N/A,24.65452385,99.17753111
1/14/2026,15:40:42,5,No response,N/A,N/A,16.03615779,39.39354148
1/14/2026,15:40:45,6,No response,N/A,N/A,15.96086392,37.39118931
1/14/2026,15:40:47,7,No response,N/A,N/A,18.56716402,39.78408093
1/14/2026,15:40:50,8,No response,N/A,N/A,24.77417204,88.49927146
1/14/2026,15:40:52,9,No response,N/A,N/A,17.43178797,98.86830616
1/14/2026,15:40:55,10,No response,N/A,N/A,15.09945365,17.50585228
1/14/2026,15:40:57,11,No response,N/A,N/A,18.63810501,46.4493356
1/14/2026,15:41:00,12,No response,N/A,N/A,17.28064035,23.93397747
1/14/2026,15:41:02,13,No response,N/A,N/A,15.16377358,56.04091486
1/14/2026,15:41:05,14,No response,N/A,N/A,21.45795305,57.76437891
1/14/2026,15:41:07,15,No response,N/A,N/A,16.14867145,68.18877282
1/14/2026,15:41:10,16,No response,N/A,N/A,22.71086407,14.4617457
1/14/2026,15:41:12,1,No response,N/A,N/A,18.85285277,75.53614934
1/14/2026,15:41:15,2,No response,N/A,N/A,19.48399407,54.83780801
1/14/2026,15:41:17,3,No response,N/A,N/A,23.90961089,58.05225489
1/14/2026,15:41:20,4,No response,N/A,N/A,21.0053521,59.24098398
1/14/2026,15:41:22,5,No response,N/A,N/A,19.70098275,6.932106337
1/14/2026,15:41:25,6,No response,N/A,N/A,18.98537516,46.38233912
1/14/2026,15:41:27,7,No response,N/A,N/A,19.86182253,82.86152803
1/14/2026,15:41:30,8,No response,N/A,N/A,17.85062826,82.34466404
1/14/2026,15:41:32,9,No response,N/A,N/A,22.86317249,49.6767634
1/14/2026,15:41:35,10,No response,N/A,N/A,17.26711349,99.5418696
1/14/2026,15:41:37,11,No response,N/A,N/A,23.42104448,95.07374332
1/14/2026,15:41:40,12,No response,N/A,N/A,19.95228976,19.80380879
1/14/2026,15:41:42,13,No response,N/A,N/A,24.69873609,99.68329013
1/14/2026,15:41:45,14,No response,N/A,N/A,16.19377358,22.16936597
1/14/2026,15:41:47,15,No response,N/A,N/A,23.58630875,22.19188028
1/14/2026,15:41:50,16,12914517,2.2011E-07,210.16,18.04551942,18.66465182
1/14/2026,15:41:53,1,11557770,2.7482E-07,30389.31,15.41167624,38.42227543
1/14/2026,15:41:55,2,No response,N/A,N/A,15.54770704,60.74847589
1/14/2026,15:41:58,3,No response,N/A,N/A,16.55152847,91.2639798
1/14/2026,15:42:00,4,11385767,2.8318E-07,1227.52,17.7348305,59.02738025
1/14/2026,15:42:03,5,No response,N/A,N/A,15.75095819,58.67331714
1/14/2026,15:42:05,6,11173539,2.9404E-07,5076.98,23.04346521,20.74247217
1/14/2026,15:42:08,7,No response,N/A,N/A,24.2719031,67.07688461
1/14/2026,15:42:10,8,10817051,3.1374E-07,668.32,21.20707703,48.93593258
1/14/2026,15:42:13,9,10543325,3.3024E-07,-492.19,19.75617336,7.962698714
1/14/2026,15:42:16,10,10635383,3.2455E-07,-2201.81,17.79023271,55.89689992
1/14/2026,15:42:18,11,11116900,2.9705E-07,-408.35,24.16005343,83.75634586
1/14/2026,15:42:21,12,10818326,3.1367E-07,2627.27,16.47610817,74.07938249
1/14/2026,15:42:23,13,10839125,3.1247E-07,-2393.78,15.97823158,26.37607379
1/14/2026,15:42:26,14,No response,N/A,N/A,17.33368975,84.46604963
1/14/2026,15:42:28,15,No response,N/A,N/A,20.50582943,81.13005178
1/14/2026,15:42:31,16,12914307,2.2011E-07,242.69,23.82368424,88.3453437
1/14/2026,15:42:34,1,11555841,2.7491E-07,30733.34,19.11705889,96.54272244
1/14/2026,15:42:36,2,No response,N/A,N/A,16.43683442,80.94104603
1/14/2026,15:42:39,3,No response,N/A,N/A,19.9432358,0.045352466
1/14/2026,15:42:41,4,11385806,2.8318E-07,1220.66,20.33168759,94.73926174
1/14/2026,15:42:44,5,No response,N/A,N/A,22.56707959,84.96973568
1/14/2026,15:42:46,6,11173465,2.9405E-07,5090.29,19.8457992,74.20023675
1/14/2026,15:42:49,7,No response,N/A,N/A,21.02096707,24.32315576
1/14/2026,15:42:51,8,10816994,3.1375E-07,678.86,22.12950176,89.09061094
1/14/2026,15:42:54,9,10543437,3.3024E-07,-513.43,15.24916359,28.75336584
1/14/2026,15:42:57,10,10635383,3.2455E-07,-2201.81,19.35034664,24.0134494
1/14/2026,15:42:59,11,11116929,2.9704E-07,-413.56,21.77646197,21.02159633
1/14/2026,15:43:02,12,10818295,3.1367E-07,2633.01,23.92830235,50.40593894
1/14/2026,15:43:04,13,10839331,3.1245E-07,-2431.70,19.109629,21.99926906
1/14/2026,15:43:07,14,No response,N/A,N/A,24.1496786,28.94955479
1/14/2026,15:43:09,15,No response,N/A,N/A,24.65156023,61.78247382
1/14/2026,15:43:12,16,12914473,2.2011E-07,216.98,19.5188988,16.87264071
1/14/2026,15:43:15,1,11555541,2.7492E-07,30786.86,24.88387021,8.796888388
1/14/2026,15:43:17,2,No response,N/A,N/A,24.02292459,97.89056911
1/14/2026,15:43:20,3,No response,N/A,N/A,18.09539638,68.45374841
1/14/2026,15:43:22,4,11385834,2.8318E-07,1215.74,21.4465803,16.93583354
1/14/2026,15:43:25,5,No response,N/A,N/A,20.6477619,8.600242802
1/14/2026,15:43:27,6,11173519,2.9404E-07,5080.58,21.33930451,60.32535564
1/14/2026,15:43:30,7,No response,N/A,N/A,23.51041529,47.85112815
1/14/2026,15:43:32,8,10817006,3.1375E-07,676.64,19.35074405,91.50743414
1/14/2026,15:43:35,9,10543478,3.3024E-07,-521.20,20.52029787,28.81487986
1/14/2026,15:43:38,10,10635438,3.2455E-07,-2212.13,21.75229415,4.02809523
1/14/2026,15:43:40,11,11116912,2.9705E-07,-410.50,16.46574304,1.463525817
1/14/2026,15:43:43,12,10818242,3.1367E-07,2642.84,16.13377977,17.24457561
1/14/2026,15:43:45,13,10839415,3.1245E-07,-2447.16,19.96560844,11.55404188
1/14/2026,15:43:48,14,No response,N/A,N/A,17.13624962,91.64400152
1/14/2026,15:43:50,15,No response,N/A,N/A,23.49583835,0.187035138
1/14/2026,15:43:53,16,12914517,2.2011E-07,210.16,16.27473509,30.176539
1/14/2026,15:43:56,1,11555610,2.7492E-07,30774.55,16.14390123,6.732208974
1/14/2026,15:43:58,2,No response,N/A,N/A,23.15869753,38.11231741
1/14/2026,15:44:01,3,No response,N/A,N/A,19.44953667,93.59078371
1/14/2026,15:44:03,4,11385853,2.8318E-07,1212.40,18.06464963,74.96084829
1/14/2026,15:44:06,5,No response,N/A,N/A,19.51518071,99.66915096
1/14/2026,15:44:08,6,11173799,2.9403E-07,5030.21,23.16740172,97.63189038
1/14/2026,15:44:11,7,No response,N/A,N/A,16.86572374,36.22265223
1/14/2026,15:44:13,8,10816967,3.1375E-07,683.86,22.17682415,97.83386724
1/14/2026,15:44:16,9,10543505,3.3023E-07,-526.32,22.80188828,37.97793135
1/14/2026,15:44:19,10,10635461,3.2455E-07,-2216.45,20.39363257,99.13568935
1/14/2026,15:44:21,11,11116929,2.9704E-07,-413.56,17.6352835,95.91236164
1/14/2026,15:44:24,12,10818304,3.1367E-07,2631.35,15.97693189,71.21581337
1/14/2026,15:44:26,13,10839455,3.1245E-07,-2454.52,18.24425716,26.47522786
1/14/2026,15:44:29,14,No response,N/A,N/A,17.85274007,22.26186066
1/14/2026,15:44:31,15,No response,N/A,N/A,20.72035763,28.18109753
1/14/2026,15:44:34,16,12914329,2.2011E-07,239.28,21.78986197,81.53846016
1/14/2026,15:44:37,1,11555687,2.7492E-07,30760.81,22.74565686,80.01232598
1/14/2026,15:44:39,2,No response,N/A,N/A,17.78993829,36.43949895
1/14/2026,15:44:42,3,No response,N/A,N/A,22.84531922,34.18663801
1/14/2026,15:44:44,4,11385883,2.8318E-07,1207.12,20.36420763,11.47214081
1/14/2026,15:44:47,5,No response,N/A,N/A,21.76700968,71.1024042
1/14/2026,15:44:49,6,11173664,2.9404E-07,5054.49,19.63790774,84.40543163
1/14/2026,15:44:52,7,No response,N/A,N/A,15.10236604,40.62263533
1/14/2026,15:44:54,8,10816904,3.1375E-07,695.51,17.23114733,53.15586983
1/14/2026,15:44:57,9,10543549,3.3023E-07,-534.66,16.55917242,54.262015
1/14/2026,15:45:00,10,10635496,3.2455E-07,-2223.01,16.88774808,53.47177275
1/14/2026,15:45:02,11,11116927,2.9704E-07,-413.20,16.37669619,31.6081557
1/14/2026,15:45:05,12,10818255,3.1367E-07,2640.43,20.71704103,10.8544143
1/14/2026,15:45:07,13,10839489,3.1244E-07,-2460.78,17.01777137,6.97528934
1/14/2026,15:45:10,14,No response,N/A,N/A,24.25525364,6.383571905
1/14/2026,15:45:12,15,No response,N/A,N/A,22.49421671,26.03121657
1/14/2026,15:45:15,16,12914268,2.2012E-07,248.73,24.77073311,95.32245522
1/14/2026,15:45:18,1,11555502,2.7492E-07,30793.82,17.25484232,15.76589574
1/14/2026,15:45:20,2,No response,N/A,N/A,21.8277377,19.80514954
1/14/2026,15:45:23,3,No response,N/A,N/A,19.10653476,20.38457862
1/14/2026,15:45:25,4,11385815,2.8318E-07,1219.08,16.05883078,93.02232627
1/14/2026,15:45:28,5,No response,N/A,N/A,16.1525892,14.26814904
1/14/2026,15:45:30,6,11173470,2.9405E-07,5089.39,19.63665671,89.46821193
1/14/2026,15:45:33,7,No response,N/A,N/A,16.03456553,57.8956951
1/14/2026,15:45:35,8,10816998,3.1375E-07,678.12,15.34874059,87.76898084
1/14/2026,15:45:38,9,10543545,3.3023E-07,-533.90,17.83205568,98.57141062
1/14/2026,15:45:41,10,10635564,3.2454E-07,-2235.77,17.06457259,63.43535212
1/14/2026,15:45:43,11,11117365,2.9702E-07,-491.96,20.57811322,55.9278643
1/14/2026,15:45:46,12,10818245,3.1367E-07,2642.28,17.58656047,81.80599993
1/14/2026,15:45:48,13,10839581,3.1244E-07,-2477.71,21.72042927,83.27888261
1/14/2026,15:45:51,14,No response,N/A,N/A,19.87558988,97.2622653
1/14/2026,15:45:53,15,No response,N/A,N/A,16.3773114,49.17775422
1/14/2026,15:45:56,16,12914320,2.2011E-07,240.68,18.64054744,91.59783859
1/14/2026,15:45:59,1,11555475,2.7493E-07,30798.63,17.71070247,39.29529596
1/14/2026,15:46:01,2,No response,N/A,N/A,15.01076901,2.502290292
1/14/2026,15:46:04,3,No response,N/A,N/A,23.79596633,58.05294732
1/14/2026,15:46:06,4,11385815,2.8318E-07,1219.08,19.85535658,31.00135357
1/14/2026,15:46:09,5,No response,N/A,N/A,17.82393217,30.58410384
1/14/2026,15:46:11,6,11173480,2.9405E-07,5087.59,24.03213462,41.26178746
1/14/2026,15:46:14,7,No response,N/A,N/A,24.86429912,52.68830184
1/14/2026,15:46:16,8,10816960,3.1375E-07,685.15,15.0885721,59.25508348
1/14/2026,15:46:19,9,10543563,3.3023E-07,-537.32,15.70812295,81.32323556
1/14/2026,15:46:22,10,10635537,3.2454E-07,-2230.71,21.4047649,75.94574962
1/14/2026,15:46:24,11,11117491,2.9701E-07,-514.62,22.69826787,40.95511202
1/14/2026,15:46:27,12,10818282,3.1367E-07,2635.42,15.75362911,40.26567291
1/14/2026,15:46:29,13,10839618,3.1244E-07,-2484.52,22.91024384,83.89388513
1/14/2026,15:46:32,14,No response,N/A,N/A,17.96719061,61.05146401
1/14/2026,15:46:34,15,No response,N/A,N/A,17.96553689,62.42589984
1/14/2026,15:46:37,16,12914364,2.2011E-07,233.86,20.95812182,33.58749128
1/14/2026,15:46:40,1,11555463,2.7493E-07,30800.78,15.3444578,38.0909576
1/14/2026,15:46:42,2,No response,N/A,N/A,16.26112952,94.87675675
1/14/2026,15:46:45,3,No response,N/A,N/A,15.49808331,17.93108851
1/14/2026,15:46:47,4,11385883,2.8318E-07,1207.12,24.6192739,59.73899516
1/14/2026,15:46:50,5,No response,N/A,N/A,22.55903745,93.21722076
1/14/2026,15:46:52,6,11173538,2.9404E-07,5077.16,18.8301825,97.98512429
1/14/2026,15:46:55,7,No response,N/A,N/A,21.54875875,12.33405376
1/14/2026,15:46:57,8,10816998,3.1375E-07,678.12,17.3197169,62.78100321
1/14/2026,15:47:00,9,10543581,3.3023E-07,-540.73,22.41484148,22.20508243
1/14/2026,15:47:02,10,10635595,3.2454E-07,-2241.59,19.50393838,30.78352427
1/14/2026,15:47:05,11,11117282,2.9703E-07,-477.04,18.78709646,27.934188
1/14/2026,15:47:08,12,10818187,3.1368E-07,2653.03,23.27681766,35.0813375
1/14/2026,15:47:10,13,10839609,3.1244E-07,-2482.86,20.77804459,80.85006593
1/14/2026,15:47:13,14,No response,N/A,N/A,23.06158423,69.20146009
1/14/2026,15:47:15,15,No response,N/A,N/A,19.4780084,39.87527306
1/14/2026,15:47:18,16,12913842,2.2013E-07,314.73,23.66017256,39.9496082
1/14/2026,15:47:20,1,11555550,2.7492E-07,30785.25,24.28256065,83.92437335
1/14/2026,15:47:23,2,No response,N/A,N/A,18.19914225,45.89510157
1/14/2026,15:47:25,3,No response,N/A,N/A,22.75558054,18.19962033
1/14/2026,15:47:28,4,11385883,2.8318E-07,1207.12,21.55326258,86.48882912
1/14/2026,15:47:31,5,No response,N/A,N/A,17.76524432,89.67638171
1/14/2026,15:47:33,6,11173642,2.9404E-07,5058.45,18.59287763,6.544756551
1/14/2026,15:47:36,7,No response,N/A,N/A,22.15222047,70.52772245
1/14/2026,15:47:38,8,10817031,3.1374E-07,672.02,18.52115512,82.11932693
1/14/2026,15:47:41,9,10543573,3.3023E-07,-539.21,16.42292505,10.74732278
1/14/2026,15:47:43,10,10635610,3.2454E-07,-2244.40,20.93450651,68.23236265
1/14/2026,15:47:46,11,11116847,2.9705E-07,-398.81,16.73057204,80.42990781
1/14/2026,15:47:49,12,10818354,3.1367E-07,2622.08,24.72306558,44.31573749
1/14/2026,15:47:51,13,10839646,3.1244E-07,-2489.67,23.52571926,38.75563969
1/14/2026,15:47:54,14,No response,N/A,N/A,16.91787872,34.13967554
1/14/2026,15:47:56,15,No response,N/A,N/A,17.40039143,57.26954658
1/14/2026,15:47:59,16,12914180,2.2012E-07,262.36,19.83573905,52.72350923
1/14/2026,15:48:01,1,11555541,2.7492E-07,30786.86,15.97344467,76.35546902
1/14/2026,15:48:04,2,No response,N/A,N/A,24.78827372,3.460909223
1/14/2026,15:48:06,3,No response,N/A,N/A,21.71806069,16.24028031
1/14/2026,15:48:09,4,11385883,2.8318E-07,1207.12,17.20379038,57.69694114
1/14/2026,15:48:12,5,No response,N/A,N/A,17.53439048,3.420875079
1/14/2026,15:48:14,6,11173549,2.9404E-07,5075.18,18.12349299,36.02528864
1/14/2026,15:48:17,7,No response,N/A,N/A,22.40776327,37.24020899
1/14/2026,15:48:19,8,10817024,3.1374E-07,673.31,23.55929344,64.34228326
1/14/2026,15:48:22,9,10543604,3.3023E-07,-545.09,20.82164737,72.5891438
1/14/2026,15:48:24,10,10635560,3.2454E-07,-2235.02,15.98573798,95.92500618
1/14/2026,15:48:27,11,11117152,2.9703E-07,-453.66,22.1629802,76.97953281
1/14/2026,15:48:30,12,10818355,3.1367E-07,2621.89,19.72613398,31.40829772
1/14/2026,15:48:32,13,10839658,3.1244E-07,-2491.88,15.0354317,29.11233112
1/14/2026,15:48:35,14,No response,N/A,N/A,21.3095134,36.90435503
1/14/2026,15:48:37,15,No response,N/A,N/A,16.16094738,82.83633991
1/14/2026,15:48:40,16,12914397,2.2011E-07,228.75,23.75272363,84.67881561
1/14/2026,15:48:42,1,11555377,2.7493E-07,30816.12,17.94262764,82.6711474
1/14/2026,15:48:45,2,No response,N/A,N/A,19.43069707,41.66031425
1/14/2026,15:48:47,3,No response,N/A,N/A,21.81245077,34.14255778
1/14/2026,15:48:50,4,11385825,2.8318E-07,1217.32,21.65038484,44.94798048
1/14/2026,15:48:53,5,No response,N/A,N/A,23.08231493,34.41477573
1/14/2026,15:48:55,6,11173563,2.9404E-07,5072.66,17.76218359,97.61411268
1/14/2026,15:48:58,7,No response,N/A,N/A,20.63789806,89.43330859
1/14/2026,15:49:00,8,10817037,3.1374E-07,670.91,23.38456541,75.81345446
1/14/2026,15:49:03,9,10543988,3.3020E-07,-617.89,15.70661828,67.06655157
1/14/2026,15:49:05,10,10635569,3.2454E-07,-2236.71,17.18380817,39.1215266
1/14/2026,15:49:08,11,11116683,2.9706E-07,-369.32,21.8776892,19.92729624
1/14/2026,15:49:11,12,10818218,3.1367E-07,2647.29,21.84349294,84.86329992
1/14/2026,15:49:13,13,10839393,3.1245E-07,-2443.11,19.53833778,60.99734239
1/14/2026,15:49:16,14,No response,N/A,N/A,18.95019428,73.47317177
